"","animalID","sex","cohort","age_days","harvest_date","hatch_date","tissue","tissue_grind_date","RNA_extract_date","RNA_batch","RNA_extractor","RNAID","cDNA_batch","plate_well","sampleNames","lib","censored","censor_code","notes"
"A1_1","J9","F","2",155,"8/16/22","3/14/22","Gut",NA,"3/8/23","Gut_1","EC","RNA352",1,"A1","A1","A1_1",NA,NA,NA
"A1_2","A01","M","2",78,"5/31/22","3/14/22","Bone","4/19/23","4/22/23","Bone_1","EC","RNA572",2,"A1","A1","A1_2",NA,NA,NA
"A10_1","P_1B_10","M","1B",133,"1/31/22","9/20/21","Kidney",NA,"3/4/23","Kidney_1","JC","R258",1,"A10","A10","A10_1",NA,NA,NA
"A10_2","J_1A_14","M","1A",75,"11/22/21","9/8/21","SpinalCord",NA,"3/10/23","SpinalCord_1","EC","RNA423",2,"A10","A10","A10_2",NA,NA,NA
"A11_1","J_1A_22","M","1A",47,"10/25/21","9/8/21","Kidney",NA,"3/4/23","Kidney_2","JC","R274",1,"A11","A11","A11_1",NA,NA,NA
"A11_2","D_06","F","2",52,"5/5/22","3/14/22","SpinalCord",NA,"3/13/23","SpinalCord_2","JC","RNA439",2,"A11","A11","A11_2",NA,NA,NA
"A12_1","J_1B_4","M","1B",161,"2/28/22","9/20/21","Kidney",NA,"3/4/23","Kidney_2","EC","R290",1,"A12","A12","A12_1",NA,NA,NA
"A12_2","J_1B_4","M","1B",161,"2/28/22","9/20/21","SpinalCord",NA,"3/13/23","SpinalCord_2","EC","RNA455",2,"A12","A12","A12_2",NA,NA,NA
"A13_1","D12","M","2",134,"7/26/22","3/14/22","Muscle",NA,"3/15/23","Muscle_1","EC","RNA462",1,"A13","A13","A13_1",NA,NA,NA
"A13_2","D05","M","2",162,"8/23/22","3/14/22","Heart",NA,"3/3/23","Heart_1","EC","R187",2,"A13","A13","A13_2",NA,NA,NA
"A14_1","P_1B_8","M","1B",147,"2/14/22","9/20/21","Muscle",NA,"3/15/23","Muscle_1","EC","RNA478",1,"A14","A14","A14_1",NA,NA,NA
"A14_2","P_1A_10","M","1A",103,"12/20/21","9/8/21","Heart",NA,"3/3/23","Heart_1","JC","R203",2,"A14","A14","A14_2",NA,NA,NA
"A15_1","E_01","M","2",52,"5/5/22","3/14/22","Muscle",NA,"3/17/23","Muscle_2","EC","RNA494",1,"A15","A15","A15_1",NA,NA,NA
"A15_2","J_1A_25","M","1A",103,"12/20/21","9/8/21","Heart",NA,"3/3/23","Heart_1","JC","R219",2,"A15","A15","A15_2",NA,NA,NA
"A16_1","P_1A_2","F","1A",103,"12/20/21","9/8/21","Muscle",NA,"3/27/23","Muscle_3","EC","RNA510",1,"A16","A16","A16_1",NA,NA,NA
"A17_1","C04","F","2",134,"7/26/22","3/14/22","Skin",NA,"2/8/23","Skin_1","EC","R77",1,"A17","A17","A17_1",NA,NA,NA
"A17_2","I06","F","2",78,"5/31/22","3/14/22","Spleen",NA,"3/6/23","Spleen_1","EC","RNA297",2,"A17","A17","A17_2",NA,NA,NA
"A18_1","J_1B_4","M","1B",161,"2/28/22","9/20/21","Skin",NA,"2/8/23","Skin_1","IG","R93",1,"A18","A18","A18_1",NA,NA,NA
"A18_2","P_1A_3","M","1A",152,"2/7/22","9/8/21","Spleen",NA,"3/6/23","Spleen_1","EC","RNA313",2,"A18","A18","A18_2",NA,NA,NA
"A19_1","I03","M","2",162,"8/23/22","3/14/22","Skin",NA,"2/8/23","Skin_2","IG","R109",1,"A19","A19","A19_1",NA,NA,NA
"A19_2","C1","F","2",155,"8/16/22","3/14/22","Spleen",NA,"3/6/23","Spleen_1","JC","RNA329",2,"A19","A19","A19_2",NA,NA,NA
"A2_1","P_1B_2","M","1B",133,"1/31/22","9/20/21","Gut",NA,"3/8/23","Gut_1","EC","RNA368",1,"A2","A2","A2_1",NA,NA,NA
"A2_2","P_1B_10","M","1B",133,"1/31/22","9/20/21","Bone","4/19/23","4/22/23","Bone_2","EC","RNA590",2,"A2","A2","A2_2",NA,NA,NA
"A20_1","J_1B_11","M","1B",161,"2/28/22","9/20/21","Skin",NA,"2/8/23","Skin_2","EC","R125",1,"A20","A20","A20_1",NA,NA,NA
"A20_2","J_1A_22","M","1A",47,"10/25/21","9/8/21","Spleen",NA,"3/6/23","Spleen_2","EC","RNA345",2,"A20","A20","A20_2",NA,NA,NA
"A21_1","A01","M","2",78,"5/31/22","3/14/22","Testis",NA,"2/10/23","Testis_1","EC","132",1,"A21","A21","A21_1",NA,NA,NA
"A21_2","D05","M","2",162,"8/23/22","3/14/22","Brain",NA,"1/31/23","Brain_1","IG","R23",2,"A21","A21","A21_2",NA,NA,NA
"A22_2","J_1A_1","M","1A",152,"2/7/22","9/8/21","Brain",NA,"1/31/23","Brain_1","EC","R39",2,"A22","A22","A22_2",NA,NA,NA
"A23_1","E02","F","2",78,"5/31/22","3/14/22","Ovary",NA,"2/24/23","Ovary_2","EC","164",1,"A23","A23","A23_1",NA,NA,NA
"A23_2","I06","F","2",78,"5/31/22","3/14/22","Brain",NA,"2/1/23","Brain_2","EC","R55",2,"A23","A23","A23_2",NA,NA,NA
"A24_1","J_1A_13","M","1A",75,"11/22/21","9/8/21","Testis",NA,"2/24/23","Testis_2","JC","180",1,"A24","A24","A24_1",NA,NA,NA
"A24_2","J_1A_25","M","1A",103,"12/20/21","9/8/21","Brain",NA,"2/1/23","Brain_2","IG","R71",2,"A24","A24","A24_2",NA,NA,NA
"A3_1","I05","F","2",134,"7/26/22","3/14/22","Gut",NA,"3/8/23","Gut_1","JC","RNA384",1,"A3","A3","A3_1",NA,NA,NA
"A3_2","J05","F","2",102,"6/24/22","3/14/22","Bone","4/26/23","4/22/23","Bone_2","EC","RNA606",2,"A3","A3","A3_2",NA,NA,NA
"A4_1","P_1A_8","F","1A",75,"11/22/21","9/8/21","Gut",NA,"3/9/23","Gut_2","EC","RNA400",1,"A4","A4","A4_1",NA,NA,NA
"A4_2","J_1B_13","M","1B",77,"12/6/21","9/20/21","Bone","4/28/23","4/29/23","Bone_3","EC","RNA622",2,"A4","A4","A4_2",NA,NA,NA
"A5_1","B01","M","2",134,"7/26/22","3/14/22","Liver",NA,"1/30/23","Liver_2","EC","R01",1,"A5","A5","A5_1",NA,NA,NA
"A5_2","E_01","M","2",52,"5/5/22","3/14/22","Fat","4/11/23","4/16/23","Fat_1","EC","RNA517",2,"A5","A5","A5_2",NA,NA,NA
"A6_1","D_06","F","2",52,"5/5/22","3/14/22","Liver",NA,"1/30/23","Liver_2","IG","R17",1,"A6","A6","A6_1",NA,NA,NA
"A6_2","J_1B_13","M","1B",77,"12/6/21","9/20/21","Fat","4/12/23","4/16/23","Fat_1","EC","RNA533",2,"A6","A6","A6_2",NA,NA,NA
"A7_1","J_1B_18","F","1B",133,"1/31/22","9/20/21","Liver",NA,"3/21/22","Liver_1","EC","RNA674",1,"A7","A7","A7_1",NA,NA,NA
"A7_2","I06","F","2",78,"5/31/22","3/14/22","Fat","4/12/23","4/17/23","Fat_2","EC","RNA549",2,"A7","A7","A7_2",NA,NA,NA
"A8_1","P_1A_6","M","1A",133,"1/19/22","9/8/21","Liver",NA,"3/21/22","Liver_1","IG","RNA690",1,"A8","A8","A8_1",NA,NA,NA
"A8_2","J_1A_25","M","1A",103,"12/20/21","9/8/21","Fat","4/13/23","4/19/23","Fat_3","EC","RNA567",2,"A8","A8","A8_2",NA,NA,NA
"A9_1","E02","F","2",78,"5/31/22","3/14/22","Kidney",NA,"3/4/23","Kidney_1","EC","R242",1,"A9","A9","A9_1",NA,NA,NA
"A9_2","I03","M","2",162,"8/23/22","3/14/22","SpinalCord",NA,"3/10/23","SpinalCord_1","EC","RNA407",2,"A9","A9","A9_2",NA,NA,NA
"B1_1","B01","M","2",134,"7/26/22","3/14/22","Gut",NA,"3/8/23","Gut_1","EC","RNA353",1,"B1","B1","B1_1",NA,NA,NA
"B1_2","D12","M","2",134,"7/26/22","3/14/22","Bone","4/19/23","4/22/23","Bone_1","EC","RNA573",2,"B1","B1","B1_2",NA,NA,NA
"B10_1","P_1B_8","M","1B",147,"2/14/22","9/20/21","Kidney",NA,"3/4/23","Kidney_1","JC","R259",1,"B10","B10","B10_1",NA,NA,NA
"B10_2","J_1A_25","M","1A",103,"12/20/21","9/8/21","SpinalCord",NA,"3/10/23","SpinalCord_1","EC","RNA424",2,"B10","B10","B10_2",NA,NA,NA
"B11_1","P_1B_4","F","1B",147,"2/14/22","9/20/21","Kidney",NA,"3/4/23","Kidney_2","JC","R275",1,"B11","B11","B11_1",NA,NA,NA
"B11_2","H_02","M","2",52,"5/5/22","3/14/22","SpinalCord",NA,"3/13/23","SpinalCord_2","JC","RNA440",2,"B11","B11","B11_2",NA,NA,NA
"B12_1","J_1B_5","F","1B",49,"11/8/21","9/20/21","Kidney",NA,"3/4/23","Kidney_2","EC","R291",1,"B12","B12","B12_1",NA,NA,NA
"B12_2","J_1A_1","M","1A",152,"2/7/22","9/8/21","SpinalCord",NA,"3/13/23","SpinalCord_2","EC","RNA457",2,"B12","B12","B12_2",NA,NA,NA
"B13_1","J9","F","2",155,"8/16/22","3/14/22","Muscle",NA,"3/15/23","Muscle_1","EC","RNA463",1,"B13","B13","B13_1",NA,NA,NA
"B13_2","D12","M","2",134,"7/26/22","3/14/22","Heart",NA,"3/3/23","Heart_1","EC","R188",2,"B13","B13","B13_2",NA,NA,NA
"B14_1","P_1B_3","F","1B",77,"12/6/21","9/20/21","Muscle",NA,"3/15/23","Muscle_1","EC","RNA479",1,"B14","B14","B14_1",NA,NA,NA
"B14_2","J_1A_22","M","1A",47,"10/25/21","9/8/21","Heart",NA,"3/3/23","Heart_1","JC","R204",2,"B14","B14","B14_2",NA,NA,NA
"B15_1","E04","M","2",102,"6/24/22","3/14/22","Muscle",NA,"3/17/23","Muscle_2","EC","RNA495",1,"B15","B15","B15_1",NA,NA,NA
"B15_2","P_1A_12","F","1A",75,"11/22/21","9/8/21","Heart",NA,"3/3/23","Heart_1","JC","R220",2,"B15","B15","B15_2",NA,NA,NA
"B16_1","P_1A_4","M","1A",133,"1/19/22","9/8/21","Muscle",NA,"3/27/23","Muscle_3","EC","RNA511",1,"B16","B16","B16_1",NA,NA,NA
"B16_2","P_1A_2","F","1A",103,"12/20/21","9/8/21","Heart",NA,"3/3/23","Heart_2","EC","R236",2,"B16","B16","B16_2",NA,NA,NA
"B17_1","C1","F","2",155,"8/16/22","3/14/22","Skin",NA,"2/8/23","Skin_1","EC","R78",1,"B17","B17","B17_1",NA,NA,NA
"B17_2","E04","M","2",102,"6/24/22","3/14/22","Spleen",NA,"3/6/23","Spleen_1","EC","RNA298",2,"B17","B17","B17_2",NA,NA,NA
"B18_1","J_1B_7","F","1B",147,"2/14/22","9/20/21","Skin",NA,"2/8/23","Skin_1","IG","R94",1,"B18","B18","B18_1",NA,NA,NA
"B18_2","P_1A_12","F","1A",75,"11/22/21","9/8/21","Spleen",NA,"3/6/23","Spleen_1","EC","RNA314",2,"B18","B18","B18_2",NA,NA,NA
"B19_1","C03","M","2",162,"8/23/22","3/14/22","Skin",NA,"2/8/23","Skin_2","IG","R110",1,"B19","B19","B19_1",NA,NA,NA
"B19_2","A01","M","2",78,"5/31/22","3/14/22","Spleen",NA,"3/6/23","Spleen_1","JC","RNA330",2,"B19","B19","B19_2",NA,NA,NA
"B2_1","P_1A_10","M","1A",103,"12/20/21","9/8/21","Gut",NA,"3/8/23","Gut_1","EC","RNA369",1,"B2","B2","B2_1",NA,NA,NA
"B2_2","J_1A_1","M","1A",152,"2/7/22","9/8/21","Bone","4/19/23","4/22/23","Bone_2","EC","RNA591",2,"B2","B2","B2_2",NA,NA,NA
"B20_1","J_1A_17","M","1A",47,"10/25/21","9/8/21","Skin",NA,"2/8/23","Skin_2","EC","R126",1,"B20","B20","B20_1",NA,NA,NA
"B20_2","J_1B_4","M","1B",161,"2/28/22","9/20/21","Spleen",NA,"3/6/23","Spleen_2","EC","RNA346",2,"B20","B20","B20_2",NA,NA,NA
"B21_1","J9","F","2",155,"8/16/22","3/14/22","Ovary",NA,"2/10/23","Ovary_1","EC","133",1,"B21","B21","B21_1",NA,NA,NA
"B21_2","I03","M","2",162,"8/23/22","3/14/22","Brain",NA,"1/31/23","Brain_1","IG","R24",2,"B21","B21","B21_2",NA,NA,NA
"B22_1","P_1B_10","M","1B",133,"1/31/22","9/20/21","Testis",NA,"2/10/23","Testis_1","IG","153",1,"B22","B22","B22_1",NA,NA,NA
"B22_2","J_1B_2","M","1B",49,"11/8/21","9/20/21","Brain",NA,"1/31/23","Brain_1","EC","R40",2,"B22","B22","B22_2",NA,NA,NA
"B23_1","C03","M","2",162,"8/23/22","3/14/22","Testis",NA,"2/24/23","Testis_2","EC","165",1,"B23","B23","B23_1",NA,NA,NA
"B23_2","A17","M","2",78,"5/31/22","3/14/22","Brain",NA,"2/1/23","Brain_2","EC","R56",2,"B23","B23","B23_2",NA,NA,NA
"B24_1","P_1A_8","F","1A",75,"11/22/21","9/8/21","Ovary",NA,"2/24/23","Ovary_2","JC","181",1,"B24","B24","B24_1",NA,NA,NA
"B24_2","P_1B_2","M","1B",133,"1/31/22","9/20/21","Brain",NA,"2/1/23","Brain_2","IG","R72",2,"B24","B24","B24_2",NA,NA,NA
"B3_1","D_06","F","2",52,"5/5/22","3/14/22","Gut",NA,"3/8/23","Gut_1","JC","RNA385",1,"B3","B3","B3_1",NA,NA,NA
"B4_1","J_1A_22","M","1A",47,"10/25/21","9/8/21","Gut",NA,"3/9/23","Gut_2","EC","RNA401",1,"B4","B4","B4_1",NA,NA,NA
"B4_2","P_1A_4","M","1A",133,"1/19/22","9/8/21","Bone","4/28/23","4/29/23","Bone_3","EC","RNA623",2,"B4","B4","B4_2",NA,NA,NA
"B5_1","J05","F","2",102,"6/24/22","3/14/22","Liver",NA,"1/30/23","Liver_2","EC","R02",1,"B5","B5","B5_1",NA,NA,NA
"B5_2","I05","F","2",134,"7/26/22","3/14/22","Fat","4/11/23","4/16/23","Fat_1","EC","RNA518",2,"B5","B5","B5_2",NA,NA,NA
"B6_1","I05","F","2",134,"7/26/22","3/14/22","Liver",NA,"1/30/23","Liver_2","IG","R18",1,"B6","B6","B6_1",NA,NA,NA
"B6_2","J_1B_6","F","1B",133,"1/31/22","9/20/21","Fat","4/12/23","4/16/23","Fat_1","EC","RNA534",2,"B6","B6","B6_2",NA,NA,NA
"B7_1","P_1B_10","M","1B",133,"1/31/22","9/20/21","Liver",NA,"3/21/22","Liver_1","EC","RNA675",1,"B7","B7","B7_1",NA,NA,NA
"B7_2","E04","M","2",102,"6/24/22","3/14/22","Fat","4/12/23","4/17/23","Fat_2","EC","RNA550",2,"B7","B7","B7_2",NA,NA,NA
"B8_1","J_1B_6","F","1B",133,"1/31/22","9/20/21","Liver",NA,"3/21/22","Liver_1","IG","RNA691",1,"B8","B8","B8_1",NA,NA,NA
"B8_2","P_1A_3","M","1A",152,"2/7/22","9/8/21","Fat","4/13/23","4/19/23","Fat_3","EC","RNA568",2,"B8","B8","B8_2",NA,NA,NA
"B9_1","I05","F","2",134,"7/26/22","3/14/22","Kidney",NA,"3/4/23","Kidney_1","EC","R243",1,"B9","B9","B9_1",NA,NA,NA
"B9_2","J9","F","2",155,"8/16/22","3/14/22","SpinalCord",NA,"3/10/23","SpinalCord_1","EC","RNA408",2,"B9","B9","B9_2",NA,NA,NA
"C1_1","D_14","F","2",52,"5/5/22","3/14/22","Gut",NA,"3/8/23","Gut_1","EC","RNA354",1,"C1","C1","C1_1",NA,NA,NA
"C1_2","A17","M","2",78,"5/31/22","3/14/22","Bone","4/19/23","4/22/23","Bone_1","EC","RNA574",2,"C1","C1","C1_2",NA,NA,NA
"C10_1","P_1A_4","M","1A",133,"1/19/22","9/8/21","Kidney",NA,"3/4/23","Kidney_1","JC","R260",1,"C10","C10","C10_1",NA,NA,NA
"C10_2","P_1B_11","M","1B",147,"2/14/22","9/20/21","SpinalCord",NA,"3/10/23","SpinalCord_1","EC","RNA425",2,"C10","C10","C10_2",NA,NA,NA
"C11_1","J_1B_20","M","1B",77,"12/6/21","9/20/21","Kidney",NA,"3/4/23","Kidney_2","JC","R276",1,"C11","C11","C11_1",NA,NA,NA
"C11_2","I06","F","2",78,"5/31/22","3/14/22","SpinalCord",NA,"3/13/23","SpinalCord_2","JC","RNA441",2,"C11","C11","C11_2",NA,NA,NA
"C12_1","J_1A_14","M","1A",75,"11/22/21","9/8/21","Kidney",NA,"3/4/23","Kidney_2","EC","R292",1,"C12","C12","C12_1",NA,NA,NA
"C12_2","P_1B_10","M","1B",133,"1/31/22","9/20/21","SpinalCord",NA,"3/13/23","SpinalCord_2","EC","RNA458",2,"C12","C12","C12_2",NA,NA,NA
"C13_1","B01","M","2",134,"7/26/22","3/14/22","Muscle",NA,"3/15/23","Muscle_1","EC","RNA464",1,"C13","C13","C13_1",NA,NA,NA
"C13_2","C03","M","2",162,"8/23/22","3/14/22","Heart",NA,"3/3/23","Heart_1","EC","R189",2,"C13","C13","C13_2",NA,NA,NA
"C14_1","J_1B_2","M","1B",49,"11/8/21","9/20/21","Muscle",NA,"3/15/23","Muscle_1","EC","RNA480",1,"C14","C14","C14_1",NA,NA,NA
"C14_2","J_1A_1","M","1A",152,"2/7/22","9/8/21","Heart",NA,"3/3/23","Heart_1","JC","R205",2,"C14","C14","C14_2",NA,NA,NA
"C15_1","C04","F","2",134,"7/26/22","3/14/22","Muscle",NA,"3/17/23","Muscle_2","EC","RNA496",1,"C15","C15","C15_1",NA,NA,NA
"C15_2","P_1A_8","F","1A",75,"11/22/21","9/8/21","Heart",NA,"3/3/23","Heart_1","JC","R221",2,"C15","C15","C15_2",NA,NA,NA
"C16_1","J_1A_22","M","1A",47,"10/25/21","9/8/21","Muscle",NA,"3/27/23","Muscle_3","EC","RNA512",1,"C16","C16","C16_1",NA,NA,NA
"C16_2","P_1B_11","M","1B",147,"2/14/22","9/20/21","Heart",NA,"3/3/23","Heart_2","EC","R237",2,"C16","C16","C16_2",NA,NA,NA
"C17_1","D_14","F","2",52,"5/5/22","3/14/22","Skin",NA,"2/8/23","Skin_1","EC","R79",1,"C17","C17","C17_1",NA,NA,NA
"C17_2","C03","M","2",162,"8/23/22","3/14/22","Spleen",NA,"3/6/23","Spleen_1","EC","RNA299",2,"C17","C17","C17_2",NA,NA,NA
"C18_1","J_1B_2","M","1B",49,"11/8/21","9/20/21","Skin",NA,"2/8/23","Skin_1","IG","R95",1,"C18","C18","C18_1",NA,NA,NA
"C18_2","P_1A_8","F","1A",75,"11/22/21","9/8/21","Spleen",NA,"3/6/23","Spleen_1","JC","RNA315",2,"C18","C18","C18_2",NA,NA,NA
"C19_1","J_1B_6","F","1B",133,"1/31/22","9/20/21","Skin",NA,"2/8/23","Skin_2","IG","R111",1,"C19","C19","C19_1",NA,NA,NA
"C19_2","J9","F","2",155,"8/16/22","3/14/22","Spleen",NA,"3/6/23","Spleen_1","JC","RNA331",2,"C19","C19","C19_2",NA,NA,NA
"C2_1","P_1A_4","M","1A",133,"1/19/22","9/8/21","Gut",NA,"3/8/23","Gut_1","JC","RNA370",1,"C2","C2","C2_1",NA,NA,NA
"C2_2","J_1B_12","M","1B",49,"11/8/21","9/20/21","Bone","4/19/23","4/22/23","Bone_2","EC","RNA592",2,"C2","C2","C2_2",NA,NA,NA
"C20_1","P_1B_9","F","1B",49,"11/8/21","9/20/21","Skin",NA,"2/8/23","Skin_2","EC","R127",1,"C20","C20","C20_1",NA,NA,NA
"C20_2","J_1A_24","F","1A",47,"10/25/21","9/8/21","Spleen",NA,"3/6/23","Spleen_2","EC","RNA347",2,"C20","C20","C20_2",NA,NA,NA
"C21_1","D12","M","2",134,"7/26/22","3/14/22","Testis",NA,"2/10/23","Testis_1","EC","134",1,"C21","C21","C21_1",NA,NA,NA
"C21_2","F05","M","2",102,"6/24/22","3/14/22","Brain",NA,"1/31/23","Brain_1","IG","R25",2,"C21","C21","C21_2",NA,NA,NA
"C22_2","P_1A_2","F","1A",103,"12/20/21","9/8/21","Brain",NA,"1/31/23","Brain_1","EC","R41",2,"C22","C22","C22_2",NA,NA,NA
"C23_1","J_1B_7","F","1B",147,"2/14/22","9/20/21","Ovary",NA,"2/24/23","Ovary_2","EC","166",1,"C23","C23","C23_1",NA,NA,NA
"C23_2","J_1B_5","F","1B",49,"11/8/21","9/20/21","Brain",NA,"2/1/23","Brain_2","EC","R57",2,"C23","C23","C23_2",NA,NA,NA
"C24_1","P_1B_8","M","1B",147,"2/14/22","9/20/21","Testis",NA,"2/24/23","Testis_2","JC","182",1,"C24","C24","C24_1",NA,NA,NA
"C24_2","P_1A_4","M","1A",133,"1/19/22","9/8/21","Brain",NA,"2/1/23","Brain_2","IG","R73",2,"C24","C24","C24_2",NA,NA,NA
"C3_1","A06","F","2",102,"6/24/22","3/14/22","Gut",NA,"3/8/23","Gut_1","JC","RNA386",1,"C3","C3","C3_1",NA,NA,NA
"C3_2","J9","F","2",155,"8/16/22","3/14/22","Bone","4/28/23","4/29/23","Bone_3","EC","RNA608",2,"C3","C3","C3_2",NA,NA,NA
"C4_1","P_1A_6","M","1A",133,"1/19/22","9/8/21","Gut",NA,"3/9/23","Gut_2","EC","RNA402",1,"C4","C4","C4_1",NA,NA,NA
"C4_2","P_1B_9","F","1B",49,"11/8/21","9/20/21","Bone","4/28/23","4/29/23","Bone_3","EC","RNA624",2,"C4","C4","C4_2",NA,NA,NA
"C5_1","J04","M","2",162,"8/23/22","3/14/22","Liver",NA,"1/30/23","Liver_2","EC","R03",1,"C5","C5","C5_1",NA,NA,NA
"C5_2","H_02","M","2",52,"5/5/22","3/14/22","Fat","4/11/23","4/16/23","Fat_1","EC","RNA519",2,"C5","C5","C5_2",NA,NA,NA
"C6_1","D_14","F","2",52,"5/5/22","3/14/22","Liver",NA,"1/30/23","Liver_2","IG","R19",1,"C6","C6","C6_1",NA,NA,NA
"C6_2","J_1B_12","M","1B",49,"11/8/21","9/20/21","Fat","4/12/23","4/17/23","Fat_2","EC","RNA535",2,"C6","C6","C6_2",NA,NA,NA
"C7_1","J_1A_1","M","1A",152,"2/7/22","9/8/21","Liver",NA,"3/21/22","Liver_1","EC","RNA676",1,"C7","C7","C7_1",NA,NA,NA
"C7_2","A17","M","2",78,"5/31/22","3/14/22","Fat","4/12/23","4/17/23","Fat_2","EC","RNA551",2,"C7","C7","C7_2",NA,NA,NA
"C8_1","P_1B_2","M","1B",133,"1/31/22","9/20/21","Liver",NA,"3/21/22","Liver_1","IG","RNA692",1,"C8","C8","C8_1",NA,NA,NA
"C8_2","P_1A_1","F","1A",47,"10/25/21","9/8/21","Fat","4/13/23","4/19/23","Fat_3","EC","RNA569",2,"C8","C8","C8_2",NA,NA,NA
"C9_1","D05","M","2",162,"8/23/22","3/14/22","Kidney",NA,"3/4/23","Kidney_1","EC","R244",1,"C9","C9","C9_1",NA,NA,NA
"C9_2","E02","F","2",78,"5/31/22","3/14/22","SpinalCord",NA,"3/10/23","SpinalCord_1","EC","RNA409",2,"C9","C9","C9_2",NA,NA,NA
"D1_1","E_01","M","2",52,"5/5/22","3/14/22","Gut",NA,"3/8/23","Gut_1","EC","RNA355",1,"D1","D1","D1_1",NA,NA,NA
"D1_2","I03","M","2",162,"8/23/22","3/14/22","Bone","4/19/23","4/22/23","Bone_1","EC","RNA575",2,"D1","D1","D1_2",NA,NA,NA
"D10_1","P_1B_2","M","1B",133,"1/31/22","9/20/21","Kidney",NA,"3/4/23","Kidney_1","JC","R261",1,"D10","D10","D10_1",NA,NA,NA
"D10_2","P_1B_4","F","1B",147,"2/14/22","9/20/21","SpinalCord",NA,"3/13/23","SpinalCord_2","JC","RNA426",2,"D10","D10","D10_2",NA,NA,NA
"D11_1","J_1A_13","M","1A",75,"11/22/21","9/8/21","Kidney",NA,"3/4/23","Kidney_2","JC","R277",1,"D11","D11","D11_1",NA,NA,NA
"D11_2","J04","M","2",162,"8/23/22","3/14/22","SpinalCord",NA,"3/13/23","SpinalCord_2","JC","RNA442",2,"D11","D11","D11_2",NA,NA,NA
"D12_1","J_1A_17","M","1A",47,"10/25/21","9/8/21","Kidney",NA,"3/4/23","Kidney_2","EC","R293",1,"D12","D12","D12_1",NA,NA,NA
"D12_2","P_1B_3","F","1B",77,"12/6/21","9/20/21","SpinalCord",NA,"3/13/23","SpinalCord_2","EC","RNA459",2,"D12","D12","D12_2",NA,NA,NA
"D13_1","A06","F","2",102,"6/24/22","3/14/22","Muscle",NA,"3/15/23","Muscle_1","EC","RNA465",1,"D13","D13","D13_1",NA,NA,NA
"D13_2","A01","M","2",78,"5/31/22","3/14/22","Heart",NA,"3/3/23","Heart_1","EC","R190",2,"D13","D13","D13_2",NA,NA,NA
"D14_1","P_1A_10","M","1A",103,"12/20/21","9/8/21","Muscle",NA,"3/17/23","Muscle_2","EC","RNA481",1,"D14","D14","D14_1",NA,NA,NA
"D14_2","J_1B_18","F","1B",133,"1/31/22","9/20/21","Heart",NA,"3/3/23","Heart_1","JC","R206",2,"D14","D14","D14_2",NA,NA,NA
"D15_1","I06","F","2",78,"5/31/22","3/14/22","Muscle",NA,"3/17/23","Muscle_2","EC","RNA497",1,"D15","D15","D15_1",NA,NA,NA
"D15_2","J_1A_13","M","1A",75,"11/22/21","9/8/21","Heart",NA,"3/3/23","Heart_1","JC","R222",2,"D15","D15","D15_2",NA,NA,NA
"D16_1","P_1A_3","M","1A",152,"2/7/22","9/8/21","Muscle",NA,"3/27/23","Muscle_3","EC","RNA513",1,"D16","D16","D16_1",NA,NA,NA
"D16_2","J_1A_24","F","1A",47,"10/25/21","9/8/21","Heart",NA,"3/3/23","Heart_2","EC","R238",2,"D16","D16","D16_2",NA,NA,NA
"D17_1","I06","F","2",78,"5/31/22","3/14/22","Skin",NA,"2/8/23","Skin_1","EC","R80",1,"D17","D17","D17_1",NA,NA,NA
"D17_2","A06","F","2",102,"6/24/22","3/14/22","Spleen",NA,"3/6/23","Spleen_1","EC","RNA300",2,"D17","D17","D17_2",NA,NA,NA
"D18_1","P_1A_2","F","1A",103,"12/20/21","9/8/21","Skin",NA,"2/8/23","Skin_1","IG","R96",1,"D18","D18","D18_1",NA,NA,NA
"D18_2","P_1A_4","M","1A",133,"1/19/22","9/8/21","Spleen",NA,"3/6/23","Spleen_1","JC","RNA316",2,"D18","D18","D18_2",NA,NA,NA
"D19_1","J_1A_25","M","1A",103,"12/20/21","9/8/21","Skin",NA,"2/8/23","Skin_2","IG","R112",1,"D19","D19","D19_1",NA,NA,NA
"D19_2","D12","M","2",134,"7/26/22","3/14/22","Spleen",NA,"3/6/23","Spleen_1","JC","RNA332",2,"D19","D19","D19_2",NA,NA,NA
"D2_1","J_1B_4","M","1B",161,"2/28/22","9/20/21","Gut",NA,"3/8/23","Gut_1","JC","RNA371",1,"D2","D2","D2_1",NA,NA,NA
"D2_2","P_1A_8","F","1A",75,"11/22/21","9/8/21","Bone","4/26/23","4/22/23","Bone_2","EC","RNA593",2,"D2","D2","D2_2",NA,NA,NA
"D20_1","J_1A_14","M","1A",75,"11/22/21","9/8/21","Skin",NA,"2/8/23","Skin_2","EC","R128",1,"D20","D20","D20_1",NA,NA,NA
"D20_2","P_1B_9","F","1B",49,"11/8/21","9/20/21","Spleen",NA,"3/6/23","Spleen_2","EC","RNA348",2,"D20","D20","D20_2",NA,NA,NA
"D21_1","I06","F","2",78,"5/31/22","3/14/22","Ovary",NA,"2/10/23","Ovary_1","EC","135",1,"D21","D21","D21_1",NA,NA,NA
"D21_2","E04","M","2",102,"6/24/22","3/14/22","Brain",NA,"1/31/23","Brain_1","IG","R26",2,"D21","D21","D21_2",NA,NA,NA
"D23_1","P_1A_10","M","1A",103,"12/20/21","9/8/21","Testis",NA,"2/24/23","Testis_2","EC","167",1,"D23","D23","D23_1",NA,NA,NA
"D23_2","P_1A_8","F","1A",75,"11/22/21","9/8/21","Brain",NA,"2/1/23","Brain_2","EC","R58",2,"D23","D23","D23_2",NA,NA,NA
"D24_1","P_1B_2","M","1B",133,"1/31/22","9/20/21","Testis",NA,"2/24/23","Testis_2","JC","183",1,"D24","D24","D24_1",NA,NA,NA
"D24_2","J_1B_20","M","1B",77,"12/6/21","9/20/21","Brain",NA,"2/1/23","Brain_2","IG","R74",2,"D24","D24","D24_2",NA,NA,NA
"D3_1","J04","M","2",162,"8/23/22","3/14/22","Gut",NA,"3/8/23","Gut_1","JC","RNA387",1,"D3","D3","D3_1",NA,NA,NA
"D3_2","J_1B_2","M","1B",49,"11/8/21","9/20/21","Bone","4/28/23","4/29/23","Bone_3","EC","RNA609",2,"D3","D3","D3_2",NA,NA,NA
"D4_1","P_1B_4","F","1B",147,"2/14/22","9/20/21","Gut",NA,"3/9/23","Gut_2","EC","RNA403",1,"D4","D4","D4_1",NA,NA,NA
"D4_2","J_1A_14","M","1A",75,"11/22/21","9/8/21","Bone","4/28/23","4/29/23","Bone_3","EC","RNA625",2,"D4","D4","D4_2",NA,NA,NA
"D5_1","F05","M","2",102,"6/24/22","3/14/22","Liver",NA,"1/30/23","Liver_2","EC","R04",1,"D5","D5","D5_1",NA,NA,NA
"D5_2","A06","F","2",102,"6/24/22","3/14/22","Fat","4/11/23","4/16/23","Fat_1","EC","RNA520",2,"D5","D5","D5_2",NA,NA,NA
"D6_1","D05","M","2",162,"8/23/22","3/14/22","Liver",NA,"1/30/23","Liver_2","IG","R20",1,"D6","D6","D6_1",NA,NA,NA
"D6_2","P_1A_6","M","1A",133,"1/19/22","9/8/21","Fat","4/12/23","4/17/23","Fat_2","EC","RNA536",2,"D6","D6","D6_2",NA,NA,NA
"D7_1","P_1B_4","F","1B",147,"2/14/22","9/20/21","Liver",NA,"3/21/22","Liver_1","EC","RNA677",1,"D7","D7","D7_1",NA,NA,NA
"D7_2","J05","F","2",102,"6/24/22","3/14/22","Fat","4/12/23","4/17/23","Fat_2","EC","RNA552",2,"D7","D7","D7_2",NA,NA,NA
"D8_1","P_1A_3","M","1A",152,"2/7/22","9/8/21","Liver",NA,"3/21/22","Liver_1","IG","RNA693",1,"D8","D8","D8_1",NA,NA,NA
"D8_2","P_1B_4","F","1B",147,"2/14/22","9/20/21","Fat","4/13/23","4/19/23","Fat_3","EC","RNA570",2,"D8","D8","D8_2",NA,NA,NA
"D9_1","B01","M","2",134,"7/26/22","3/14/22","Kidney",NA,"3/4/23","Kidney_1","EC","R245",1,"D9","D9","D9_1",NA,NA,NA
"D9_2","D_14","F","2",52,"5/5/22","3/14/22","SpinalCord",NA,"3/10/23","SpinalCord_1","EC","RNA410",2,"D9","D9","D9_2",NA,NA,NA
"E1_1","A01","M","2",78,"5/31/22","3/14/22","Gut",NA,"3/8/23","Gut_1","EC","RNA356",1,"E1","E1","E1_1",NA,NA,NA
"E1_2","C03","M","2",162,"8/23/22","3/14/22","Bone","4/19/23","4/22/23","Bone_1","EC","RNA576",2,"E1","E1","E1_2",NA,NA,NA
"E10_1","P_1A_2","F","1A",103,"12/20/21","9/8/21","Kidney",NA,"3/4/23","Kidney_1","JC","R262",1,"E10","E10","E10_1",NA,NA,NA
"E10_2","P_1A_4","M","1A",133,"1/19/22","9/8/21","SpinalCord",NA,"3/13/23","SpinalCord_2","JC","RNA427",2,"E10","E10","E10_2",NA,NA,NA
"E11_1","A06","F","2",102,"6/24/22","3/14/22","Kidney",NA,"3/4/23","Kidney_2","JC","R278",1,"E11","E11","E11_1",NA,NA,NA
"E11_2","D05","M","2",162,"8/23/22","3/14/22","SpinalCord",NA,"3/13/23","SpinalCord_2","JC","RNA443",2,"E11","E11","E11_2",NA,NA,NA
"E12_1","J_1B_7","F","1B",147,"2/14/22","9/20/21","Kidney",NA,"3/4/23","Kidney_2","EC","R294",1,"E12","E12","E12_1",NA,NA,NA
"E12_2","J_1A_24","F","1A",47,"10/25/21","9/8/21","SpinalCord",NA,"3/13/23","SpinalCord_2","EC","RNA460",2,"E12","E12","E12_2",NA,NA,NA
"E13_1","A01","M","2",78,"5/31/22","3/14/22","Muscle",NA,"3/15/23","Muscle_1","EC","RNA466",1,"E13","E13","E13_1",NA,NA,NA
"E13_2","B01","M","2",134,"7/26/22","3/14/22","Heart",NA,"3/3/23","Heart_1","EC","R191",2,"E13","E13","E13_2",NA,NA,NA
"E14_1","P_1B_4","F","1B",147,"2/14/22","9/20/21","Muscle",NA,"3/17/23","Muscle_2","EC","RNA482",1,"E14","E14","E14_1",NA,NA,NA
"E14_2","P_1A_1","F","1A",47,"10/25/21","9/8/21","Heart",NA,"3/3/23","Heart_1","JC","R207",2,"E14","E14","E14_2",NA,NA,NA
"E15_1","A17","M","2",78,"5/31/22","3/14/22","Muscle",NA,"3/17/23","Muscle_2","EC","RNA498",1,"E15","E15","E15_1",NA,NA,NA
"E15_2","E04","M","2",102,"6/24/22","3/14/22","Heart",NA,"3/3/23","Heart_2","EC","R223",2,"E15","E15","E15_2",NA,NA,NA
"E16_1","J_1A_1","M","1A",152,"2/7/22","9/8/21","Muscle",NA,"3/27/23","Muscle_3","EC","RNA514",1,"E16","E16","E16_1",NA,NA,NA
"E16_2","J_1B_5","F","1B",49,"11/8/21","9/20/21","Heart",NA,"3/3/23","Heart_2","EC","R239",2,"E16","E16","E16_2",NA,NA,NA
"E17_1","A17","M","2",78,"5/31/22","3/14/22","Skin",NA,"2/8/23","Skin_1","EC","R81",1,"E17","E17","E17_1",NA,NA,NA
"E17_2","I03","M","2",162,"8/23/22","3/14/22","Spleen",NA,"3/6/23","Spleen_1","EC","RNA301",2,"E17","E17","E17_2",NA,NA,NA
"E18_1","P_1A_12","F","1A",75,"11/22/21","9/8/21","Skin",NA,"2/8/23","Skin_1","IG","R97",1,"E18","E18","E18_1",NA,NA,NA
"E18_2","J_1B_12","M","1B",49,"11/8/21","9/20/21","Spleen",NA,"3/6/23","Spleen_1","JC","RNA317",2,"E18","E18","E18_2",NA,NA,NA
"E19_1","J_1B_20","M","1B",77,"12/6/21","9/20/21","Skin",NA,"2/8/23","Skin_2","IG","R113",1,"E19","E19","E19_1",NA,NA,NA
"E19_2","C04","F","2",134,"7/26/22","3/14/22","Spleen",NA,"3/6/23","Spleen_2","EC","RNA333",2,"E19","E19","E19_2",NA,NA,NA
"E2_1","J_1B_7","F","1B",147,"2/14/22","9/20/21","Gut",NA,"3/8/23","Gut_1","JC","RNA372",1,"E2","E2","E2_1",NA,NA,NA
"E2_2","P_1A_1","F","1A",47,"10/25/21","9/8/21","Bone","4/26/23","4/22/23","Bone_2","EC","RNA594",2,"E2","E2","E2_2",NA,NA,NA
"E20_1","J_1A_22","M","1A",47,"10/25/21","9/8/21","Skin",NA,"2/8/23","Skin_2","EC","R129",1,"E20","E20","E20_1",NA,NA,NA
"E20_2","J_1B_5","F","1B",49,"11/8/21","9/20/21","Spleen",NA,"3/6/23","Spleen_2","EC","RNA349",2,"E20","E20","E20_2",NA,NA,NA
"E21_1","B01","M","2",134,"7/26/22","3/14/22","Testis",NA,"2/10/23","Testis_1","EC","136",1,"E21","E21","E21_1",NA,NA,NA
"E21_2","J05","F","2",102,"6/24/22","3/14/22","Brain",NA,"1/31/23","Brain_1","IG","R27",2,"E21","E21","E21_2",NA,NA,NA
"E22_2","P_1B_3","F","1B",77,"12/6/21","9/20/21","Brain",NA,"1/31/23","Brain_1","EC","R43",2,"E22","E22","E22_2",NA,NA,NA
"E23_1","J_1A_25","M","1A",103,"12/20/21","9/8/21","Testis",NA,"2/24/23","Testis_2","EC","168",1,"E23","E23","E23_1",NA,NA,NA
"E23_2","P_1A_10","M","1A",103,"12/20/21","9/8/21","Brain",NA,"2/1/23","Brain_2","EC","R59",2,"E23","E23","E23_2",NA,NA,NA
"E24_1","P_1A_6","M","1A",133,"1/19/22","9/8/21","Testis",NA,"2/24/23","Testis_2","JC","184",1,"E24","E24","E24_1",NA,NA,NA
"E24_2","J_1B_11","M","1B",161,"2/28/22","9/20/21","Brain",NA,"2/1/23","Brain_2","IG","R75",2,"E24","E24","E24_2",NA,NA,NA
"E3_1","I06","F","2",78,"5/31/22","3/14/22","Gut",NA,"3/9/23","Gut_2","EC","RNA388",1,"E3","E3","E3_1",NA,NA,NA
"E3_2","J_1A_13","M","1A",75,"11/22/21","9/8/21","Bone","4/28/23","4/29/23","Bone_3","EC","RNA610",2,"E3","E3","E3_2",NA,NA,NA
"E4_1","J_1A_1","M","1A",152,"2/7/22","9/8/21","Gut",NA,"3/9/23","Gut_2","EC","RNA404",1,"E4","E4","E4_1",NA,NA,NA
"E4_2","P_1A_10","M","1A",103,"12/20/21","9/8/21","Bone","4/28/23","4/29/23","Bone_3","EC","RNA626",2,"E4","E4","E4_2",NA,NA,NA
"E5_1","I03","M","2",162,"8/23/22","3/14/22","Liver",NA,"1/30/23","Liver_2","EC","R05",1,"E5","E5","E5_1",NA,NA,NA
"E5_2","C1","F","2",155,"8/16/22","3/14/22","Fat","4/11/23","4/16/23","Fat_1","EC","RNA521",2,"E5","E5","E5_2",NA,NA,NA
"E6_1","C04","F","2",134,"7/26/22","3/14/22","Liver",NA,"1/30/23","Liver_2","IG","R21",1,"E6","E6","E6_1",NA,NA,NA
"E6_2","J_1A_17","M","1A",47,"10/25/21","9/8/21","Fat","4/12/23","4/17/23","Fat_2","EC","RNA537",2,"E6","E6","E6_2",NA,NA,NA
"E7_1","P_1B_8","M","1B",147,"2/14/22","9/20/21","Liver",NA,"3/21/22","Liver_1","EC","RNA678",1,"E7","E7","E7_1",NA,NA,NA
"E7_2","B01","M","2",134,"7/26/22","3/14/22","Fat","4/12/23","4/19/23","Fat_3","EC","RNA553",2,"E7","E7","E7_2",NA,NA,NA
"E8_1","J_1B_7","F","1B",147,"2/14/22","9/20/21","Liver",NA,"3/21/22","Liver_1","IG","RNA694",1,"E8","E8","E8_1",NA,NA,NA
"E8_2","P_1B_11","M","1B",147,"2/14/22","9/20/21","Fat","4/13/23","4/19/23","Fat_3","EC","RNA571",2,"E8","E8","E8_2",NA,NA,NA
"E9_1","A01","M","2",78,"5/31/22","3/14/22","Kidney",NA,"3/4/23","Kidney_1","EC","R246",1,"E9","E9","E9_1",NA,NA,NA
"E9_2","E04","M","2",102,"6/24/22","3/14/22","SpinalCord",NA,"3/10/23","SpinalCord_1","EC","RNA411",2,"E9","E9","E9_2",NA,NA,NA
"F1_1","C03","M","2",162,"8/23/22","3/14/22","Gut",NA,"3/8/23","Gut_1","EC","RNA357",1,"F1","F1","F1_1",NA,NA,NA
"F1_2","H_02","M","2",52,"5/5/22","3/14/22","Bone","4/19/23","4/22/23","Bone_1","EC","RNA577",2,"F1","F1","F1_2",NA,NA,NA
"F10_1","P_1B_9","F","1B",49,"11/8/21","9/20/21","Kidney",NA,"3/4/23","Kidney_1","JC","R263",1,"F10","F10","F10_1",NA,NA,NA
"F10_2","P_1B_2","M","1B",133,"1/31/22","9/20/21","SpinalCord",NA,"3/13/23","SpinalCord_2","JC","RNA428",2,"F10","F10","F10_2",NA,NA,NA
"F11_1","C03","M","2",162,"8/23/22","3/14/22","Kidney",NA,"3/4/23","Kidney_2","JC","R279",1,"F11","F11","F11_1",NA,NA,NA
"F11_2","D12","M","2",134,"7/26/22","3/14/22","SpinalCord",NA,"3/13/23","SpinalCord_2","EC","RNA444",2,"F11","F11","F11_2",NA,NA,NA
"F12_1","P_1A_10","M","1A",103,"12/20/21","9/8/21","Kidney",NA,"3/4/23","Kidney_2","EC","R295",1,"F12","F12","F12_1",NA,NA,NA
"F12_2","P_1A_8","F","1A",75,"11/22/21","9/8/21","SpinalCord",NA,"3/13/23","SpinalCord_2","EC","RNA461",2,"F12","F12","F12_2",NA,NA,NA
"F13_1","C03","M","2",162,"8/23/22","3/14/22","Muscle",NA,"3/15/23","Muscle_1","EC","RNA467",1,"F13","F13","F13_1",NA,NA,NA
"F13_2","E02","F","2",78,"5/31/22","3/14/22","Heart",NA,"3/3/23","Heart_1","EC","R192",2,"F13","F13","F13_2",NA,NA,NA
"F14_1","J_1B_7","F","1B",147,"2/14/22","9/20/21","Muscle",NA,"3/17/23","Muscle_2","EC","RNA483",1,"F14","F14","F14_1",NA,NA,NA
"F14_2","J_1B_7","F","1B",147,"2/14/22","9/20/21","Heart",NA,"3/3/23","Heart_1","JC","R208",2,"F14","F14","F14_2",NA,NA,NA
"F15_1","P_1B_10","M","1B",133,"1/31/22","9/20/21","Muscle",NA,"3/27/23","Muscle_3","EC","RNA499",1,"F15","F15","F15_1",NA,NA,NA
"F15_2","J05","F","2",102,"6/24/22","3/14/22","Heart",NA,"3/3/23","Heart_2","EC","R224",2,"F15","F15","F15_2",NA,NA,NA
"F16_1","J_1B_5","F","1B",49,"11/8/21","9/20/21","Muscle",NA,"3/27/23","Muscle_3","EC","RNA515",1,"F16","F16","F16_1",NA,NA,NA
"F16_2","J_1A_17","M","1A",47,"10/25/21","9/8/21","Heart",NA,"3/3/23","Heart_2","EC","R240",2,"F16","F16","F16_2",NA,NA,NA
"F17_1","B01","M","2",134,"7/26/22","3/14/22","Skin",NA,"2/8/23","Skin_1","EC","R82",1,"F17","F17","F17_1",NA,NA,NA
"F17_2","B01","M","2",134,"7/26/22","3/14/22","Spleen",NA,"3/6/23","Spleen_1","EC","RNA302",2,"F17","F17","F17_2",NA,NA,NA
"F18_1","P_1B_4","F","1B",147,"2/14/22","9/20/21","Skin",NA,"2/8/23","Skin_1","IG","R98",1,"F18","F18","F18_1",NA,NA,NA
"F18_2","P_1B_1","F","1B",77,"12/6/21","9/20/21","Spleen",NA,"3/6/23","Spleen_1","JC","RNA318",2,"F18","F18","F18_2",NA,NA,NA
"F19_1","P_1A_3","M","1A",152,"2/7/22","9/8/21","Skin",NA,"2/8/23","Skin_2","IG","R114",1,"F19","F19","F19_1",NA,NA,NA
"F19_2","E_01","M","2",52,"5/5/22","3/14/22","Spleen",NA,"3/6/23","Spleen_2","EC","RNA334",2,"F19","F19","F19_2",NA,NA,NA
"F2_1","P_1B_11","M","1B",147,"2/14/22","9/20/21","Gut",NA,"3/8/23","Gut_1","JC","RNA373",1,"F2","F2","F2_1",NA,NA,NA
"F2_2","J_1B_6","F","1B",133,"1/31/22","9/20/21","Bone","4/26/23","4/22/23","Bone_2","EC","RNA595",2,"F2","F2","F2_2",NA,NA,NA
"F20_1","P_1A_1","F","1A",47,"10/25/21","9/8/21","Skin",NA,"2/8/23","Skin_2","EC","R130",1,"F20","F20","F20_1",NA,NA,NA
"F20_2","J_1B_7","F","1B",147,"2/14/22","9/20/21","Spleen",NA,"3/6/23","Spleen_2","EC","RNA350",2,"F20","F20","F20_2",NA,NA,NA
"F21_2","B01","M","2",134,"7/26/22","3/14/22","Brain",NA,"1/31/23","Brain_1","IG","R28",2,"F21","F21","F21_2",NA,NA,NA
"F22_2","J_1A_17","M","1A",47,"10/25/21","9/8/21","Brain",NA,"1/31/23","Brain_1","EC","R44",2,"F22","F22","F22_2",NA,NA,NA
"F23_1","J_1A_17","M","1A",47,"10/25/21","9/8/21","Testis",NA,"2/24/23","Testis_2","EC","169",1,"F23","F23","F23_1",NA,NA,NA
"F23_2","J_1A_24","F","1A",47,"10/25/21","9/8/21","Brain",NA,"2/1/23","Brain_2","EC","R60",2,"F23","F23","F23_2",NA,NA,NA
"F24_1","J_1B_5","F","1B",49,"11/8/21","9/20/21","Ovary",NA,"2/24/23","Ovary_2","JC","185",1,"F24","F24","F24_1",NA,NA,NA
"F24_2","J_1B_7","F","1B",147,"2/14/22","9/20/21","Brain",NA,"2/1/23","Brain_2","IG","R76",2,"F24","F24","F24_2",NA,NA,NA
"F3_1","D05","M","2",162,"8/23/22","3/14/22","Gut",NA,"3/9/23","Gut_2","EC","RNA389",1,"F3","F3","F3_1",NA,NA,NA
"F3_2","P_1B_4","F","1B",147,"2/14/22","9/20/21","Bone","4/28/23","4/29/23","Bone_3","EC","RNA611",2,"F3","F3","F3_2",NA,NA,NA
"F4_1","J_1A_14","M","1A",75,"11/22/21","9/8/21","Gut",NA,"3/9/23","Gut_2","EC","RNA405",1,"F4","F4","F4_1",NA,NA,NA
"F5_1","H_02","M","2",52,"5/5/22","3/14/22","Liver",NA,"1/30/23","Liver_2","EC","R06",1,"F5","F5","F5_1",NA,NA,NA
"F5_2","A01","M","2",78,"5/31/22","3/14/22","Fat","4/11/23","4/16/23","Fat_1","EC","RNA522",2,"F5","F5","F5_2",NA,NA,NA
"F6_1","E04","M","2",102,"6/24/22","3/14/22","Liver",NA,"1/30/23","Liver_2","IG","R22",1,"F6","F6","F6_1",NA,NA,NA
"F6_2","P_1B_8","M","1B",147,"2/14/22","9/20/21","Fat","4/12/23","4/17/23","Fat_2","EC","RNA538",2,"F6","F6","F6_2",NA,NA,NA
"F7_1","J_1B_11","M","1B",161,"2/28/22","9/20/21","Liver",NA,"3/21/22","Liver_1","EC","RNA679",1,"F7","F7","F7_1",NA,NA,NA
"F7_2","J_1A_22","M","1A",47,"10/25/21","9/8/21","Fat","4/12/23","4/19/23","Fat_3","EC","RNA554",2,"F7","F7","F7_2",NA,NA,NA
"F8_1","P_1B_11","M","1B",147,"2/14/22","9/20/21","Liver",NA,"3/21/22","Liver_1","IG","RNA695",1,"F8","F8","F8_1",NA,NA,NA
"F9_1","J9","F","2",155,"8/16/22","3/14/22","Kidney",NA,"3/4/23","Kidney_1","EC","R247",1,"F9","F9","F9_1",NA,NA,NA
"F9_2","F05","M","2",102,"6/24/22","3/14/22","SpinalCord",NA,"3/10/23","SpinalCord_1","EC","RNA412",2,"F9","F9","F9_2",NA,NA,NA
"G1_1","I03","M","2",162,"8/23/22","3/14/22","Gut",NA,"3/8/23","Gut_1","EC","RNA358",1,"G1","G1","G1_1",NA,NA,NA
"G1_2","E02","F","2",78,"5/31/22","3/14/22","Bone","4/19/23","4/22/23","Bone_1","EC","RNA578",2,"G1","G1","G1_2",NA,NA,NA
"G10_1","P_1A_3","M","1A",152,"2/7/22","9/8/21","Kidney",NA,"3/4/23","Kidney_1","JC","R264",1,"G10","G10","G10_1",NA,NA,NA
"G10_2","P_1B_1","F","1B",77,"12/6/21","9/20/21","SpinalCord",NA,"3/13/23","SpinalCord_2","JC","RNA429",2,"G10","G10","G10_2",NA,NA,NA
"G11_1","D_06","F","2",52,"5/5/22","3/14/22","Kidney",NA,"3/4/23","Kidney_2","JC","R280",1,"G11","G11","G11_1",NA,NA,NA
"G11_2","J_1B_11","M","1B",161,"2/28/22","9/20/21","SpinalCord",NA,"3/13/23","SpinalCord_2","EC","RNA445",2,"G11","G11","G11_2",NA,NA,NA
"G12_1","J_1A_25","M","1A",103,"12/20/21","9/8/21","Kidney",NA,"3/4/23","Kidney_2","EC","R296",1,"G12","G12","G12_1",NA,NA,NA
"G13_1","J05","F","2",102,"6/24/22","3/14/22","Muscle",NA,"3/15/23","Muscle_1","EC","RNA468",1,"G13","G13","G13_1",NA,NA,NA
"G13_2","H_02","M","2",52,"5/5/22","3/14/22","Heart",NA,"3/3/23","Heart_1","EC","R193",2,"G13","G13","G13_2",NA,NA,NA
"G14_1","P_1A_8","F","1A",75,"11/22/21","9/8/21","Muscle",NA,"3/17/23","Muscle_2","EC","RNA484",1,"G14","G14","G14_1",NA,NA,NA
"G14_2","P_1B_3","F","1B",77,"12/6/21","9/20/21","Heart",NA,"3/3/23","Heart_1","JC","R209",2,"G14","G14","G14_2",NA,NA,NA
"G15_1","P_1B_9","F","1B",49,"11/8/21","9/20/21","Muscle",NA,"3/27/23","Muscle_3","EC","RNA500",1,"G15","G15","G15_1",NA,NA,NA
"G15_2","I03","M","2",162,"8/23/22","3/14/22","Heart",NA,"3/3/23","Heart_2","EC","R225",2,"G15","G15","G15_2",NA,NA,NA
"G16_1","J_1B_20","M","1B",77,"12/6/21","9/20/21","Muscle",NA,"3/27/23","Muscle_3","EC","RNA516",1,"G16","G16","G16_1",NA,NA,NA
"G16_2","J_1B_2","M","1B",49,"11/8/21","9/20/21","Heart",NA,"3/3/23","Heart_2","EC","R241",2,"G16","G16","G16_2",NA,NA,NA
"G17_1","I05","F","2",134,"7/26/22","3/14/22","Skin",NA,"2/8/23","Skin_1","EC","R83",1,"G17","G17","G17_1",NA,NA,NA
"G17_2","F05","M","2",102,"6/24/22","3/14/22","Spleen",NA,"3/6/23","Spleen_1","EC","RNA303",2,"G17","G17","G17_2",NA,NA,NA
"G18_1","P_1A_6","M","1A",133,"1/19/22","9/8/21","Skin",NA,"2/8/23","Skin_1","IG","R99",1,"G18","G18","G18_1",NA,NA,NA
"G18_2","J_1B_13","M","1B",77,"12/6/21","9/20/21","Spleen",NA,"3/6/23","Spleen_1","JC","RNA319",2,"G18","G18","G18_2",NA,NA,NA
"G19_1","J_1B_12","M","1B",49,"11/8/21","9/20/21","Skin",NA,"2/8/23","Skin_2","IG","R115",1,"G19","G19","G19_1",NA,NA,NA
"G19_2","J_1B_18","F","1B",133,"1/31/22","9/20/21","Spleen",NA,"3/6/23","Spleen_2","EC","RNA335",2,"G19","G19","G19_2",NA,NA,NA
"G2_1","P_1A_2","F","1A",103,"12/20/21","9/8/21","Gut",NA,"3/8/23","Gut_1","JC","RNA374",1,"G2","G2","G2_1",NA,NA,NA
"G2_2","P_1A_2","F","1A",103,"12/20/21","9/8/21","Bone","4/26/23","4/22/23","Bone_2","EC","RNA596",2,"G2","G2","G2_2",NA,NA,NA
"G20_1","P_1B_8","M","1B",147,"2/14/22","9/20/21","Skin",NA,"2/8/23","Skin_2","EC","R131",1,"G20","G20","G20_1",NA,NA,NA
"G20_2","P_1B_11","M","1B",147,"2/14/22","9/20/21","Spleen",NA,"3/6/23","Spleen_2","EC","RNA351",2,"G20","G20","G20_2",NA,NA,NA
"G21_1","H_02","M","2",52,"5/5/22","3/14/22","Testis",NA,"2/10/23","Testis_1","EC","138",1,"G21","G21","G21_1",NA,NA,NA
"G21_2","A01","M","2",78,"5/31/22","3/14/22","Brain",NA,"1/31/23","Brain_1","IG","R29",2,"G21","G21","G21_2",NA,NA,NA
"G22_2","P_1A_1","F","1A",47,"10/25/21","9/8/21","Brain",NA,"1/31/23","Brain_1","EC","R45",2,"G22","G22","G22_2",NA,NA,NA
"G23_1","P_1B_3","F","1B",77,"12/6/21","9/20/21","Ovary",NA,"2/24/23","Ovary_2","EC","170",1,"G23","G23","G23_1",NA,NA,NA
"G23_2","J_1A_14","M","1A",75,"11/22/21","9/8/21","Brain",NA,"2/1/23","Brain_2","EC","R61",2,"G23","G23","G23_2",NA,NA,NA
"G24_1","P_1B_11","M","1B",147,"2/14/22","9/20/21","Testis",NA,"2/24/23","Testis_2","JC","186",1,"G24","G24","G24_1",NA,NA,NA
"G24_2","P_1B_4","F","1B",147,"2/14/22","9/20/21","Brain",NA,"2/1/23","Brain_2","IG","R77",2,"G24","G24","G24_2",NA,NA,NA
"G3_1","J_1B_6","F","1B",133,"1/31/22","9/20/21","Gut",NA,"3/9/23","Gut_2","EC","RNA390",1,"G3","G3","G3_1",NA,NA,NA
"G3_2","J_1B_5","F","1B",49,"11/8/21","9/20/21","Bone","4/28/23","4/29/23","Bone_3","EC","RNA612",2,"G3","G3","G3_2",NA,NA,NA
"G4_1","P_1A_1","F","1A",47,"10/25/21","9/8/21","Gut",NA,"3/9/23","Gut_2","EC","RNA406",1,"G4","G4","G4_1",NA,NA,NA
"G5_1","E02","F","2",78,"5/31/22","3/14/22","Liver",NA,"1/30/23","Liver_2","EC","R07",1,"G5","G5","G5_1",NA,NA,NA
"G5_2","I03","M","2",162,"8/23/22","3/14/22","Fat","4/11/23","4/16/23","Fat_1","EC","RNA523",2,"G5","G5","G5_2",NA,NA,NA
"G6_1","J_1A_24","F","1A",47,"10/25/21","9/8/21","Liver",NA,"3/21/22","Liver_1","EC","RNA664",1,"G6","G6","G6_1",NA,NA,NA
"G6_2","P_1A_10","M","1A",103,"12/20/21","9/8/21","Fat","4/12/23","4/17/23","Fat_2","EC","RNA539",2,"G6","G6","G6_2",NA,NA,NA
"G7_1","P_1A_1","F","1A",47,"10/25/21","9/8/21","Liver",NA,"3/21/22","Liver_1","IG","RNA680",1,"G7","G7","G7_1",NA,NA,NA
"G7_2","J_1A_24","F","1A",47,"10/25/21","9/8/21","Fat","4/12/23","4/19/23","Fat_3","EC","RNA555",2,"G7","G7","G7_2",NA,NA,NA
"G8_1","J_1B_4","M","1B",161,"2/28/22","9/20/21","Liver",NA,"3/21/22","Liver_1","IG","RNA696",1,"G8","G8","G8_1",NA,NA,NA
"G9_1","I06","F","2",78,"5/31/22","3/14/22","Kidney",NA,"3/4/23","Kidney_1","EC","R248",1,"G9","G9","G9_1",NA,NA,NA
"G9_2","B01","M","2",134,"7/26/22","3/14/22","SpinalCord",NA,"3/10/23","SpinalCord_1","EC","RNA413",2,"G9","G9","G9_2",NA,NA,NA
"H1_1","H_02","M","2",52,"5/5/22","3/14/22","Gut",NA,"3/8/23","Gut_1","EC","RNA359",1,"H1","H1","H1_1",NA,NA,NA
"H1_2","E_01","M","2",52,"5/5/22","3/14/22","Bone","4/19/23","4/22/23","Bone_1","EC","RNA579",2,"H1","H1","H1_2",NA,NA,NA
"H10_1","P_1A_8","F","1A",75,"11/22/21","9/8/21","Kidney",NA,"3/4/23","Kidney_1","JC","R265",1,"H10","H10","H10_1",NA,NA,NA
"H10_2","P_1A_3","M","1A",152,"2/7/22","9/8/21","SpinalCord",NA,"3/13/23","SpinalCord_2","JC","RNA430",2,"H10","H10","H10_2",NA,NA,NA
"H11_1","E_01","M","2",52,"5/5/22","3/14/22","Kidney",NA,"3/4/23","Kidney_2","JC","R281",1,"H11","H11","H11_1",NA,NA,NA
"H11_2","J_1B_13","M","1B",77,"12/6/21","9/20/21","SpinalCord",NA,"3/13/23","SpinalCord_2","EC","RNA446",2,"H11","H11","H11_2",NA,NA,NA
"H13_1","D_06","F","2",52,"5/5/22","3/14/22","Muscle",NA,"3/15/23","Muscle_1","EC","RNA469",1,"H13","H13","H13_1",NA,NA,NA
"H13_2","D_14","F","2",52,"5/5/22","3/14/22","Heart",NA,"3/3/23","Heart_1","EC","R194",2,"H13","H13","H13_2",NA,NA,NA
"H14_1","P_1A_6","M","1A",133,"1/19/22","9/8/21","Muscle",NA,"3/17/23","Muscle_2","EC","RNA485",1,"H14","H14","H14_1",NA,NA,NA
"H14_2","P_1B_4","F","1B",147,"2/14/22","9/20/21","Heart",NA,"3/3/23","Heart_1","JC","R210",2,"H14","H14","H14_2",NA,NA,NA
"H15_1","J_1B_12","M","1B",49,"11/8/21","9/20/21","Muscle",NA,"3/27/23","Muscle_3","EC","RNA501",1,"H15","H15","H15_1",NA,NA,NA
"H15_2","I06","F","2",78,"5/31/22","3/14/22","Heart",NA,"3/3/23","Heart_2","EC","R226",2,"H15","H15","H15_2",NA,NA,NA
"H17_1","H_02","M","2",52,"5/5/22","3/14/22","Skin",NA,"2/8/23","Skin_1","EC","R84",1,"H17","H17","H17_1",NA,NA,NA
"H17_2","J05","F","2",102,"6/24/22","3/14/22","Spleen",NA,"3/6/23","Spleen_1","EC","RNA304",2,"H17","H17","H17_2",NA,NA,NA
"H18_1","P_1B_11","M","1B",147,"2/14/22","9/20/21","Skin",NA,"2/8/23","Skin_1","IG","R100",1,"H18","H18","H18_1",NA,NA,NA
"H18_2","J_1A_14","M","1A",75,"11/22/21","9/8/21","Spleen",NA,"3/6/23","Spleen_1","JC","RNA320",2,"H18","H18","H18_2",NA,NA,NA
"H19_2","P_1B_8","M","1B",147,"2/14/22","9/20/21","Spleen",NA,"3/6/23","Spleen_2","EC","RNA336",2,"H19","H19","H19_2",NA,NA,NA
"H2_1","P_1B_3","F","1B",77,"12/6/21","9/20/21","Gut",NA,"3/8/23","Gut_1","JC","RNA375",1,"H2","H2","H2_1",NA,NA,NA
"H2_2","P_1A_6","M","1A",133,"1/19/22","9/8/21","Bone","4/26/23","4/22/23","Bone_2","EC","RNA597",2,"H2","H2","H2_2",NA,NA,NA
"H21_1","E04","M","2",102,"6/24/22","3/14/22","Testis",NA,"2/10/23","Testis_1","EC","139",1,"H21","H21","H21_1",NA,NA,NA
"H21_2","D12","M","2",134,"7/26/22","3/14/22","Brain",NA,"1/31/23","Brain_1","IG","R30",2,"H21","H21","H21_2",NA,NA,NA
"H22_2","P_1B_9","F","1B",49,"11/8/21","9/20/21","Brain",NA,"1/31/23","Brain_1","EC","R46",2,"H22","H22","H22_2",NA,NA,NA
"H23_1","J_1A_1","M","1A",152,"2/7/22","9/8/21","Testis",NA,"2/24/23","Testis_2","EC","171",1,"H23","H23","H23_1",NA,NA,NA
"H23_2","P_1B_1","F","1B",77,"12/6/21","9/20/21","Brain",NA,"2/1/23","Brain_2","IG","R62",2,"H23","H23","H23_2",NA,NA,NA
"H3_1","J_1B_12","M","1B",49,"11/8/21","9/20/21","Gut",NA,"3/9/23","Gut_2","EC","RNA391",1,"H3","H3","H3_1",NA,NA,NA
"H3_2","J_1A_22","M","1A",47,"10/25/21","9/8/21","Bone","4/28/23","4/29/23","Bone_3","EC","RNA613",2,"H3","H3","H3_2",NA,NA,NA
"H5_1","A01","M","2",78,"5/31/22","3/14/22","Liver",NA,"1/30/23","Liver_2","EC","R08",1,"H5","H5","H5_1",NA,NA,NA
"H5_2","C03","M","2",162,"8/23/22","3/14/22","Fat","4/11/23","4/16/23","Fat_1","EC","RNA524",2,"H5","H5","H5_2",NA,NA,NA
"H6_1","J_1A_17","M","1A",47,"10/25/21","9/8/21","Liver",NA,"3/21/22","Liver_1","EC","RNA665",1,"H6","H6","H6_1",NA,NA,NA
"H6_2","P_1B_9","F","1B",49,"11/8/21","9/20/21","Fat","4/12/23","4/17/23","Fat_2","EC","RNA540",2,"H6","H6","H6_2",NA,NA,NA
"H7_1","J_1A_22","M","1A",47,"10/25/21","9/8/21","Liver",NA,"3/21/22","Liver_1","IG","RNA681",1,"H7","H7","H7_1",NA,NA,NA
"H7_2","P_1B_2","M","1B",133,"1/31/22","9/20/21","Fat","4/12/23","4/19/23","Fat_3","EC","RNA557",2,"H7","H7","H7_2",NA,NA,NA
"H9_1","I03","M","2",162,"8/23/22","3/14/22","Kidney",NA,"3/4/23","Kidney_1","EC","R249",1,"H9","H9","H9_1",NA,NA,NA
"H9_2","A06","F","2",102,"6/24/22","3/14/22","SpinalCord",NA,"3/10/23","SpinalCord_1","EC","RNA414",2,"H9","H9","H9_2",NA,NA,NA
"I1_1","A17","M","2",78,"5/31/22","3/14/22","Gut",NA,"3/8/23","Gut_1","EC","RNA360",1,"I1","I1","I1_1",NA,NA,NA
"I1_2","B01","M","2",134,"7/26/22","3/14/22","Bone","4/19/23","4/22/23","Bone_1","EC","RNA580",2,"I1","I1","I1_2",NA,NA,NA
"I10_1","J_1B_18","F","1B",133,"1/31/22","9/20/21","Kidney",NA,"3/4/23","Kidney_1","JC","R266",1,"I10","I10","I10_1",NA,NA,NA
"I10_2","P_1A_12","F","1A",75,"11/22/21","9/8/21","SpinalCord",NA,"3/13/23","SpinalCord_2","JC","RNA431",2,"I10","I10","I10_2",NA,NA,NA
"I11_1","J05","F","2",102,"6/24/22","3/14/22","Kidney",NA,"3/4/23","Kidney_2","JC","R282",1,"I11","I11","I11_1",NA,NA,NA
"I11_2","P_1B_8","M","1B",147,"2/14/22","9/20/21","SpinalCord",NA,"3/13/23","SpinalCord_2","EC","RNA447",2,"I11","I11","I11_2",NA,NA,NA
"I12_2","J_1A_17_and_J_1A_22","M","1A",47,"10/25/21","9/8/21","Eye",NA,NA,"Eye_1","MRW","643",2,"I12","I12","I12_2",NA,NA,NA
"I13_1","H_02","M","2",52,"5/5/22","3/14/22","Muscle",NA,"3/15/23","Muscle_1","EC","RNA470",1,"I13","I13","I13_1",NA,NA,NA
"I13_2","D_06","F","2",52,"5/5/22","3/14/22","Heart",NA,"3/3/23","Heart_1","EC","R195",2,"I13","I13","I13_2",NA,NA,NA
"I14_1","J_1B_13","M","1B",77,"12/6/21","9/20/21","Muscle",NA,"3/17/23","Muscle_2","EC","RNA486",1,"I14","I14","I14_1",NA,NA,NA
"I14_2","J_1A_14","M","1A",75,"11/22/21","9/8/21","Heart",NA,"3/3/23","Heart_1","JC","R211",2,"I14","I14","I14_2",NA,NA,NA
"I15_1","J_1B_18","F","1B",133,"1/31/22","9/20/21","Muscle",NA,"3/27/23","Muscle_3","EC","RNA502",1,"I15","I15","I15_1",NA,NA,NA
"I15_2","C1","F","2",155,"8/16/22","3/14/22","Heart",NA,"3/3/23","Heart_2","EC","R227",2,"I15","I15","I15_2",NA,NA,NA
"I16_2","P_1B_11","M","1B",147,"2/14/22","9/20/21","Eye",NA,NA,"Eye_1","MRW","651",2,"I16","I16","I16_2",NA,NA,NA
"I17_1","E_01","M","2",52,"5/5/22","3/14/22","Skin",NA,"2/8/23","Skin_1","EC","R85",1,"I17","I17","I17_1",NA,NA,NA
"I17_2","J04","M","2",162,"8/23/22","3/14/22","Spleen",NA,"3/6/23","Spleen_1","EC","RNA305",2,"I17","I17","I17_2",NA,NA,NA
"I18_1","D05","M","2",162,"8/23/22","3/14/22","Skin",NA,"2/8/23","Skin_2","IG","R101",1,"I18","I18","I18_1",NA,NA,NA
"I18_2","P_1B_4","F","1B",147,"2/14/22","9/20/21","Spleen",NA,"3/6/23","Spleen_1","JC","RNA321",2,"I18","I18","I18_2",NA,NA,NA
"I19_1","P_1A_10","M","1A",103,"12/20/21","9/8/21","Skin",NA,"2/8/23","Skin_2","EC","R117",1,"I19","I19","I19_1",NA,NA,NA
"I19_2","J_1A_13","M","1A",75,"11/22/21","9/8/21","Spleen",NA,"3/6/23","Spleen_2","EC","RNA337",2,"I19","I19","I19_2",NA,NA,NA
"I2_1","J_1B_2","M","1B",49,"11/8/21","9/20/21","Gut",NA,"3/8/23","Gut_1","JC","RNA376",1,"I2","I2","I2_1",NA,NA,NA
"I2_2","C04","F","2",134,"7/26/22","3/14/22","Bone","4/26/23","4/22/23","Bone_2","EC","RNA598",2,"I2","I2","I2_2",NA,NA,NA
"I20_2","A01","M","2",78,"5/31/22","3/14/22","Eye",NA,NA,"Eye_1","MRW","659",2,"I20","I20","I20_2",NA,NA,NA
"I21_1","D_06","F","2",52,"5/5/22","3/14/22","Ovary",NA,"2/10/23","Ovary_1","EC","140",1,"I21","I21","I21_1",NA,NA,NA
"I21_2","D_14","F","2",52,"5/5/22","3/14/22","Brain",NA,"1/31/23","Brain_1","IG","R31",2,"I21","I21","I21_2",NA,NA,NA
"I22_1","C1","F","2",155,"8/16/22","3/14/22","Ovary",NA,"2/24/23","Ovary_2","EC","156",1,"I22","I22","I22_1",NA,NA,NA
"I22_2","C03","M","2",162,"8/23/22","3/14/22","Brain",NA,"2/1/23","Brain_2","EC","R47",2,"I22","I22","I22_2",NA,NA,NA
"I23_1","J_1B_13","M","1B",77,"12/6/21","9/20/21","Testis",NA,"2/24/23","Testis_2","JC","172",1,"I23","I23","I23_1",NA,NA,NA
"I23_2","J_1B_18","F","1B",133,"1/31/22","9/20/21","Brain",NA,"2/1/23","Brain_2","IG","R63",2,"I23","I23","I23_2",NA,NA,NA
"I3_1","J_1A_25","M","1A",103,"12/20/21","9/8/21","Gut",NA,"3/9/23","Gut_2","EC","RNA392",1,"I3","I3","I3_1",NA,NA,NA
"I3_2","J_1A_25","M","1A",103,"12/20/21","9/8/21","Bone","4/28/23","4/29/23","Bone_3","EC","RNA614",2,"I3","I3","I3_2",NA,NA,NA
"I4_2","P_1A_2","F","1A",103,"12/20/21","9/8/21","Eye",NA,NA,"Eye_1","MRW","627",2,"I4","I4","I4_2",NA,NA,NA
"I5_1","I06","F","2",78,"5/31/22","3/14/22","Liver",NA,"1/30/23","Liver_2","EC","R09",1,"I5","I5","I5_1",NA,NA,NA
"I5_2","C04","F","2",134,"7/26/22","3/14/22","Fat","4/11/23","4/16/23","Fat_1","EC","RNA525",2,"I5","I5","I5_2",NA,NA,NA
"I6_1","J_1B_5","F","1B",49,"11/8/21","9/20/21","Liver",NA,"3/21/22","Liver_1","EC","RNA666",1,"I6","I6","I6_1",NA,NA,NA
"I6_2","P_1A_12","F","1A",75,"11/22/21","9/8/21","Fat","4/12/23","4/17/23","Fat_2","EC","RNA541",2,"I6","I6","I6_2",NA,NA,NA
"I7_1","P_1B_9","F","1B",49,"11/8/21","9/20/21","Liver",NA,"3/21/22","Liver_1","IG","RNA682",1,"I7","I7","I7_1",NA,NA,NA
"I7_2","J_1B_18","F","1B",133,"1/31/22","9/20/21","Fat","4/12/23","4/19/23","Fat_3","EC","RNA558",2,"I7","I7","I7_2",NA,NA,NA
"I8_2","E02","F","2",78,"5/31/22","3/14/22","Eye",NA,NA,"Eye_1","MRW","635",2,"I8","I8","I8_2",NA,NA,NA
"I9_1","D12","M","2",134,"7/26/22","3/14/22","Kidney",NA,"3/4/23","Kidney_1","EC","R250",1,"I9","I9","I9_1",NA,NA,NA
"I9_2","E_01","M","2",52,"5/5/22","3/14/22","SpinalCord",NA,"3/10/23","SpinalCord_1","EC","RNA415",2,"I9","I9","I9_2",NA,NA,NA
"J1_1","D12","M","2",134,"7/26/22","3/14/22","Gut",NA,"3/8/23","Gut_1","EC","RNA361",1,"J1","J1","J1_1",NA,NA,NA
"J1_2","F05","M","2",102,"6/24/22","3/14/22","Bone","4/19/23","4/22/23","Bone_1","EC","RNA581",2,"J1","J1","J1_2",NA,NA,NA
"J10_1","J_1B_6","F","1B",133,"1/31/22","9/20/21","Kidney",NA,"3/4/23","Kidney_1","JC","R267",1,"J10","J10","J10_1",NA,NA,NA
"J10_2","J_1B_2","M","1B",49,"11/8/21","9/20/21","SpinalCord",NA,"3/13/23","SpinalCord_2","JC","RNA432",2,"J10","J10","J10_2",NA,NA,NA
"J11_1","E04","M","2",102,"6/24/22","3/14/22","Kidney",NA,"3/4/23","Kidney_2","JC","R283",1,"J11","J11","J11_1",NA,NA,NA
"J11_2","J_1B_6","F","1B",133,"1/31/22","9/20/21","SpinalCord",NA,"3/13/23","SpinalCord_2","EC","RNA448",2,"J11","J11","J11_2",NA,NA,NA
"J12_2",NA,"M",NA,103,"","","Eye",NA,NA,"Eye_1","MRW","644",2,"J12","J12","J12_2",NA,NA,NA
"J13_1","E02","F","2",78,"5/31/22","3/14/22","Muscle",NA,"3/15/23","Muscle_1","EC","RNA471",1,"J13","J13","J13_1",NA,NA,NA
"J13_2","I05","F","2",134,"7/26/22","3/14/22","Heart",NA,"3/3/23","Heart_1","EC","R196",2,"J13","J13","J13_2",NA,NA,NA
"J14_1","J_1B_6","F","1B",133,"1/31/22","9/20/21","Muscle",NA,"3/17/23","Muscle_2","EC","RNA487",1,"J14","J14","J14_1",NA,NA,NA
"J14_2","J_1B_12","M","1B",49,"11/8/21","9/20/21","Heart",NA,"3/3/23","Heart_1","JC","R212",2,"J14","J14","J14_2",NA,NA,NA
"J15_1","P_1B_11","M","1B",147,"2/14/22","9/20/21","Muscle",NA,"3/27/23","Muscle_3","EC","RNA503",1,"J15","J15","J15_1",NA,NA,NA
"J15_2","J04","M","2",162,"8/23/22","3/14/22","Heart",NA,"3/3/23","Heart_2","EC","R228",2,"J15","J15","J15_2",NA,NA,NA
"J16_2","J_1B_7","F","1B",147,"2/14/22","9/20/21","Eye",NA,NA,"Eye_1","MRW","652",2,"J16","J16","J16_2",NA,NA,NA
"J17_1","E02","F","2",78,"5/31/22","3/14/22","Skin",NA,"2/8/23","Skin_1","EC","R86",1,"J17","J17","J17_1",NA,NA,NA
"J17_2","A17","M","2",78,"5/31/22","3/14/22","Spleen",NA,"3/6/23","Spleen_1","EC","RNA306",2,"J17","J17","J17_2",NA,NA,NA
"J18_1","J04","M","2",162,"8/23/22","3/14/22","Skin",NA,"2/8/23","Skin_2","IG","R102",1,"J18","J18","J18_1",NA,NA,NA
"J18_2","P_1A_2","F","1A",103,"12/20/21","9/8/21","Spleen",NA,"3/6/23","Spleen_1","JC","RNA322",2,"J18","J18","J18_2",NA,NA,NA
"J19_1","J_1B_18","F","1B",133,"1/31/22","9/20/21","Skin",NA,"2/8/23","Skin_2","EC","R118",1,"J19","J19","J19_1",NA,NA,NA
"J19_2","J_1A_17","M","1A",47,"10/25/21","9/8/21","Spleen",NA,"3/6/23","Spleen_2","EC","RNA338",2,"J19","J19","J19_2",NA,NA,NA
"J2_1","J_1B_18","F","1B",133,"1/31/22","9/20/21","Gut",NA,"3/8/23","Gut_1","JC","RNA377",1,"J2","J2","J2_1",NA,NA,NA
"J2_2","I05","F","2",134,"7/26/22","3/14/22","Bone","4/26/23","4/22/23","Bone_2","EC","RNA599",2,"J2","J2","J2_2",NA,NA,NA
"J20_2","P_1B_8","M","1B",147,"2/14/22","9/20/21","Eye",NA,NA,"Eye_1","MRW","660",2,"J20","J20","J20_2",NA,NA,NA
"J21_1","J04","M","2",162,"8/23/22","3/14/22","Testis",NA,"2/10/23","Testis_1","EC","141",1,"J21","J21","J21_1",NA,NA,NA
"J21_2","J9","F","2",155,"8/16/22","3/14/22","Brain",NA,"1/31/23","Brain_1","IG","R32",2,"J21","J21","J21_2",NA,NA,NA
"J22_1","E_01","M","2",52,"5/5/22","3/14/22","Testis",NA,"2/24/23","Testis_2","EC","157",1,"J22","J22","J22_1",NA,NA,NA
"J22_2","E02","F","2",78,"5/31/22","3/14/22","Brain",NA,"2/1/23","Brain_2","EC","R48",2,"J22","J22","J22_2",NA,NA,NA
"J23_1","P_1A_12","F","1A",75,"11/22/21","9/8/21","Ovary",NA,"2/24/23","Ovary_2","JC","173",1,"J23","J23","J23_1",NA,NA,NA
"J23_2","P_1B_8","M","1B",147,"2/14/22","9/20/21","Brain",NA,"2/1/23","Brain_2","IG","R64",2,"J23","J23","J23_2",NA,NA,NA
"J3_1","J_1B_13","M","1B",77,"12/6/21","9/20/21","Gut",NA,"3/9/23","Gut_2","EC","RNA393",1,"J3","J3","J3_1",NA,NA,NA
"J3_2","P_1B_8","M","1B",147,"2/14/22","9/20/21","Bone","4/28/23","4/29/23","Bone_3","EC","RNA615",2,"J3","J3","J3_2",NA,NA,NA
"J4_2","P_1A_12","F","1A",75,"11/22/21","9/8/21","Eye",NA,NA,"Eye_1","MRW","628",2,"J4","J4","J4_2",NA,NA,NA
"J5_1","A17","M","2",78,"5/31/22","3/14/22","Liver",NA,"1/30/23","Liver_2","EC","R10",1,"J5","J5","J5_1",NA,NA,NA
"J5_2","D05","M","2",162,"8/23/22","3/14/22","Fat","4/11/23","4/16/23","Fat_1","EC","RNA526",2,"J5","J5","J5_2",NA,NA,NA
"J6_2","J_1B_20","M","1B",77,"12/6/21","9/20/21","Fat","4/12/23","4/17/23","Fat_2","EC","RNA542",2,"J6","J6","J6_2",NA,NA,NA
"J7_1","J_1B_2","M","1B",49,"11/8/21","9/20/21","Liver",NA,"3/21/22","Liver_1","IG","RNA683",1,"J7","J7","J7_1",NA,NA,NA
"J7_2","J_1B_7","F","1B",147,"2/14/22","9/20/21","Fat","4/12/23","4/19/23","Fat_3","EC","RNA559",2,"J7","J7","J7_2",NA,NA,NA
"J8_2","J04","M","2",162,"8/23/22","3/14/22","Eye",NA,NA,"Eye_1","MRW","636",2,"J8","J8","J8_2",NA,NA,NA
"J9_1","C04","F","2",134,"7/26/22","3/14/22","Kidney",NA,"3/4/23","Kidney_1","EC","R251",1,"J9","J9","J9_1",NA,NA,NA
"J9_2","C03","M","2",162,"8/23/22","3/14/22","SpinalCord",NA,"3/10/23","SpinalCord_1","EC","RNA416",2,"J9","J9","J9_2",NA,NA,NA
"K1_1","C04","F","2",134,"7/26/22","3/14/22","Gut",NA,"3/8/23","Gut_1","EC","RNA362",1,"K1","K1","K1_1",NA,NA,NA
"K1_2","P_1A_3","M","1A",152,"2/7/22","9/8/21","Bone","4/19/23","4/22/23","Bone_1","EC","RNA583",2,"K1","K1","K1_2",NA,NA,NA
"K10_1","P_1B_1","F","1B",77,"12/6/21","9/20/21","Kidney",NA,"3/4/23","Kidney_1","JC","R268",1,"K10","K10","K10_1",NA,NA,NA
"K10_2","P_1A_6","M","1A",133,"1/19/22","9/8/21","SpinalCord",NA,"3/13/23","SpinalCord_2","JC","RNA433",2,"K10","K10","K10_2",NA,NA,NA
"K11_1","D_14","F","2",52,"5/5/22","3/14/22","Kidney",NA,"3/4/23","Kidney_2","EC","R284",1,"K11","K11","K11_1",NA,NA,NA
"K11_2","J_1B_18","F","1B",133,"1/31/22","9/20/21","SpinalCord",NA,"3/13/23","SpinalCord_2","EC","RNA449",2,"K11","K11","K11_2",NA,NA,NA
"K12_2","F05","M","2",102,"6/24/22","3/14/22","Eye",NA,NA,"Eye_1","MRW","645",2,"K12","K12","K12_2",NA,NA,NA
"K13_1","C1","F","2",155,"8/16/22","3/14/22","Muscle",NA,"3/15/23","Muscle_1","EC","RNA472",1,"K13","K13","K13_1",NA,NA,NA
"K13_2","J9","F","2",155,"8/16/22","3/14/22","Heart",NA,"3/3/23","Heart_1","EC","R197",2,"K13","K13","K13_2",NA,NA,NA
"K14_1","I05","F","2",134,"7/26/22","3/14/22","Muscle",NA,"3/17/23","Muscle_2","EC","RNA488",1,"K14","K14","K14_1",NA,NA,NA
"K14_2","P_1B_1","F","1B",77,"12/6/21","9/20/21","Heart",NA,"3/3/23","Heart_1","JC","R213",2,"K14","K14","K14_2",NA,NA,NA
"K15_1","P_1A_1","F","1A",47,"10/25/21","9/8/21","Muscle",NA,"3/27/23","Muscle_3","EC","RNA504",1,"K15","K15","K15_1",NA,NA,NA
"K15_2","C04","F","2",134,"7/26/22","3/14/22","Heart",NA,"3/3/23","Heart_2","EC","R229",2,"K15","K15","K15_2",NA,NA,NA
"K16_2","C03","M","2",162,"8/23/22","3/14/22","Eye",NA,NA,"Eye_1","MRW","653",2,"K16","K16","K16_2",NA,NA,NA
"K17_1","A06","F","2",102,"6/24/22","3/14/22","Skin",NA,"2/8/23","Skin_1","EC","R87",1,"K17","K17","K17_1",NA,NA,NA
"K17_2","E02","F","2",78,"5/31/22","3/14/22","Spleen",NA,"3/6/23","Spleen_1","EC","RNA307",2,"K17","K17","K17_2",NA,NA,NA
"K18_1","D12","M","2",134,"7/26/22","3/14/22","Skin",NA,"2/8/23","Skin_2","IG","R103",1,"K18","K18","K18_1",NA,NA,NA
"K18_2","P_1B_10","M","1B",133,"1/31/22","9/20/21","Spleen",NA,"3/6/23","Spleen_1","JC","RNA323",2,"K18","K18","K18_2",NA,NA,NA
"K19_1","P_1B_2","M","1B",133,"1/31/22","9/20/21","Skin",NA,"2/8/23","Skin_2","EC","R119",1,"K19","K19","K19_1",NA,NA,NA
"K19_2","J_1B_2","M","1B",49,"11/8/21","9/20/21","Spleen",NA,"3/6/23","Spleen_2","EC","RNA339",2,"K19","K19","K19_2",NA,NA,NA
"K2_1","J_1A_13","M","1A",75,"11/22/21","9/8/21","Gut",NA,"3/8/23","Gut_1","JC","RNA378",1,"K2","K2","K2_1",NA,NA,NA
"K2_2","D_14","F","2",52,"5/5/22","3/14/22","Bone","4/26/23","4/22/23","Bone_2","EC","RNA600",2,"K2","K2","K2_2",NA,NA,NA
"K20_2","J_1A_1","M","1A",152,"2/7/22","9/8/21","Eye",NA,NA,"Eye_1","MRW","661",2,"K20","K20","K20_2",NA,NA,NA
"K21_1","I03","M","2",162,"8/23/22","3/14/22","Testis",NA,"2/10/23","Testis_1","EC","142",1,"K21","K21","K21_1",NA,NA,NA
"K21_2","J04","M","2",162,"8/23/22","3/14/22","Brain",NA,"1/31/23","Brain_1","IG","R33",2,"K21","K21","K21_2",NA,NA,NA
"K22_1","D05","M","2",162,"8/23/22","3/14/22","Testis",NA,"2/24/23","Testis_2","EC","158",1,"K22","K22","K22_1",NA,NA,NA
"K22_2","C04","F","2",134,"7/26/22","3/14/22","Brain",NA,"2/1/23","Brain_2","EC","R49",2,"K22","K22","K22_2",NA,NA,NA
"K23_1","P_1A_4","M","1A",133,"1/19/22","9/8/21","Testis",NA,"2/24/23","Testis_2","JC","174",1,"K23","K23","K23_1",NA,NA,NA
"K23_2","P_1A_6","M","1A",133,"1/19/22","9/8/21","Brain",NA,"2/1/23","Brain_2","IG","R65",2,"K23","K23","K23_2",NA,NA,NA
"K3_1","P_1B_9","F","1B",49,"11/8/21","9/20/21","Gut",NA,"3/9/23","Gut_2","EC","RNA394",1,"K3","K3","K3_1",NA,NA,NA
"K3_2","J_1B_11","M","1B",161,"2/28/22","9/20/21","Bone","4/28/23","4/29/23","Bone_3","EC","RNA616",2,"K3","K3","K3_2",NA,NA,NA
"K4_2",NA,"F",NA,103,"","","Eye",NA,NA,"Eye_1","MRW","629",2,"K4","K4","K4_2",NA,NA,NA
"K5_1","D12","M","2",134,"7/26/22","3/14/22","Liver",NA,"1/30/23","Liver_2","EC","R11",1,"K5","K5","K5_1",NA,NA,NA
"K5_2","D12","M","2",134,"7/26/22","3/14/22","Fat","4/11/23","4/16/23","Fat_1","EC","RNA527",2,"K5","K5","K5_2",NA,NA,NA
"K6_1","P_1A_12","F","1A",75,"11/22/21","9/8/21","Liver",NA,"3/21/22","Liver_1","EC","RNA668",1,"K6","K6","K6_1",NA,NA,NA
"K6_2","J9","F","2",155,"8/16/22","3/14/22","Fat","4/12/23","4/17/23","Fat_2","EC","RNA543",2,"K6","K6","K6_2",NA,NA,NA
"K7_1","P_1A_8","F","1A",75,"11/22/21","9/8/21","Liver",NA,"3/21/22","Liver_1","IG","RNA684",1,"K7","K7","K7_1",NA,NA,NA
"K7_2","J_1B_5","F","1B",49,"11/8/21","9/20/21","Fat","4/12/23","4/19/23","Fat_3","EC","RNA560",2,"K7","K7","K7_2",NA,NA,NA
"K8_2","J_1A_14_and_J_1A_13","M","1A",75,"11/22/21","9/8/21","Eye",NA,NA,"Eye_1","MRW","637",2,"K8","K8","K8_2",NA,NA,NA
"K9_1","H_02","M","2",52,"5/5/22","3/14/22","Kidney",NA,"3/4/23","Kidney_1","EC","R252",1,"K9","K9","K9_1",NA,NA,NA
"K9_2","I05","F","2",134,"7/26/22","3/14/22","SpinalCord",NA,"3/10/23","SpinalCord_1","EC","RNA417",2,"K9","K9","K9_2",NA,NA,NA
"L1_1","J_1B_11","M","1B",161,"2/28/22","9/20/21","Gut",NA,"3/8/23","Gut_1","EC","RNA363",1,"L1","L1","L1_1",NA,NA,NA
"L1_2","J_1B_20","M","1B",77,"12/6/21","9/20/21","Bone","4/19/23","4/22/23","Bone_1","EC","RNA584",2,"L1","L1","L1_2",NA,NA,NA
"L10_1","J_1A_24","F","1A",47,"10/25/21","9/8/21","Kidney",NA,"3/4/23","Kidney_1","JC","R269",1,"L10","L10","L10_1",NA,NA,NA
"L10_2","A17","M","2",78,"5/31/22","3/14/22","SpinalCord",NA,"3/13/23","SpinalCord_2","JC","RNA434",2,"L10","L10","L10_2",NA,NA,NA
"L11_1","P_1B_11","M","1B",147,"2/14/22","9/20/21","Kidney",NA,"3/4/23","Kidney_2","EC","R285",1,"L11","L11","L11_1",NA,NA,NA
"L11_2","J_1A_17","M","1A",47,"10/25/21","9/8/21","SpinalCord",NA,"3/13/23","SpinalCord_2","EC","RNA450",2,"L11","L11","L11_2",NA,NA,NA
"L12_2","J05","F","2",102,"6/24/22","3/14/22","Eye",NA,NA,"Eye_1","MRW","646",2,"L12","L12","L12_2",NA,NA,NA
"L13_1","J_1B_11","M","1B",161,"2/28/22","9/20/21","Muscle",NA,"3/15/23","Muscle_1","EC","RNA473",1,"L13","L13","L13_1",NA,NA,NA
"L13_2","A06","F","2",102,"6/24/22","3/14/22","Heart",NA,"3/3/23","Heart_1","EC","R198",2,"L13","L13","L13_2",NA,NA,NA
"L14_1","D_14","F","2",52,"5/5/22","3/14/22","Muscle",NA,"3/17/23","Muscle_2","EC","RNA489",1,"L14","L14","L14_1",NA,NA,NA
"L14_2","P_1B_10","M","1B",133,"1/31/22","9/20/21","Heart",NA,"3/3/23","Heart_1","JC","R214",2,"L14","L14","L14_2",NA,NA,NA
"L15_1","J_1A_14","M","1A",75,"11/22/21","9/8/21","Muscle",NA,"3/27/23","Muscle_3","EC","RNA505",1,"L15","L15","L15_1",NA,NA,NA
"L15_2","P_1A_3","M","1A",152,"2/7/22","9/8/21","Heart",NA,"3/3/23","Heart_2","EC","R230",2,"L15","L15","L15_2",NA,NA,NA
"L16_2","P_1B_11","M","1B",147,"2/14/22","9/20/21","Eye",NA,NA,"Eye_1","MRW","654",2,"L16","L16","L16_2",NA,NA,NA
"L17_1","A01","M","2",78,"5/31/22","3/14/22","Skin",NA,"2/8/23","Skin_1","EC","R88",1,"L17","L17","L17_1",NA,NA,NA
"L17_2","P_1A_6","M","1A",133,"1/19/22","9/8/21","Spleen",NA,"3/6/23","Spleen_1","EC","RNA308",2,"L17","L17","L17_2",NA,NA,NA
"L18_1","J05","F","2",102,"6/24/22","3/14/22","Skin",NA,"2/8/23","Skin_2","IG","R104",1,"L18","L18","L18_1",NA,NA,NA
"L18_2","D_06","F","2",52,"5/5/22","3/14/22","Spleen",NA,"3/6/23","Spleen_1","JC","RNA324",2,"L18","L18","L18_2",NA,NA,NA
"L19_1","J_1B_5","F","1B",49,"11/8/21","9/20/21","Skin",NA,"2/8/23","Skin_2","EC","R120",1,"L19","L19","L19_1",NA,NA,NA
"L19_2","J_1B_20","M","1B",77,"12/6/21","9/20/21","Spleen",NA,"3/6/23","Spleen_2","EC","RNA340",2,"L19","L19","L19_2",NA,NA,NA
"L2_1","C1","F","2",155,"8/16/22","3/14/22","Gut",NA,"3/8/23","Gut_1","JC","RNA379",1,"L2","L2","L2_1",NA,NA,NA
"L2_2","J04","M","2",162,"8/23/22","3/14/22","Bone","4/26/23","4/22/23","Bone_2","EC","RNA601",2,"L2","L2","L2_2",NA,NA,NA
"L20_2","D05","M","2",162,"8/23/22","3/14/22","Eye",NA,NA,"Eye_1","MRW","662",2,"L20","L20","L20_2",NA,NA,NA
"L21_2","A06","F","2",102,"6/24/22","3/14/22","Brain",NA,"1/31/23","Brain_1","IG","R34",2,"L21","L21","L21_2",NA,NA,NA
"L22_1","A17","M","2",78,"5/31/22","3/14/22","Testis",NA,"2/24/23","Testis_2","EC","159",1,"L22","L22","L22_1",NA,NA,NA
"L22_2","C1","F","2",155,"8/16/22","3/14/22","Brain",NA,"2/1/23","Brain_2","EC","R50",2,"L22","L22","L22_2",NA,NA,NA
"L23_1","J_1B_11","M","1B",161,"2/28/22","9/20/21","Testis",NA,"2/24/23","Testis_2","JC","175",1,"L23","L23","L23_1",NA,NA,NA
"L23_2","J_1A_13","M","1A",75,"11/22/21","9/8/21","Brain",NA,"2/1/23","Brain_2","IG","R66",2,"L23","L23","L23_2",NA,NA,NA
"L3_1","J_1B_20","M","1B",77,"12/6/21","9/20/21","Gut",NA,"3/9/23","Gut_2","EC","RNA395",1,"L3","L3","L3_1",NA,NA,NA
"L3_2","J_1B_4","M","1B",161,"2/28/22","9/20/21","Bone","4/28/23","4/29/23","Bone_3","EC","RNA617",2,"L3","L3","L3_2",NA,NA,NA
"L4_2","A06","F","2",102,"6/24/22","3/14/22","Eye",NA,NA,"Eye_1","MRW","630",2,"L4","L4","L4_2",NA,NA,NA
"L5_1","C1","F","2",155,"8/16/22","3/14/22","Liver",NA,"1/30/23","Liver_2","IG","R12",1,"L5","L5","L5_1",NA,NA,NA
"L5_2","J_1A_14","M","1A",75,"11/22/21","9/8/21","Fat","4/12/23","4/16/23","Fat_1","EC","RNA528",2,"L5","L5","L5_2",NA,NA,NA
"L6_1","J_1A_13","M","1A",75,"11/22/21","9/8/21","Liver",NA,"3/21/22","Liver_1","EC","RNA669",1,"L6","L6","L6_1",NA,NA,NA
"L6_2","D_14","F","2",52,"5/5/22","3/14/22","Fat","4/12/23","4/17/23","Fat_2","EC","RNA544",2,"L6","L6","L6_2",NA,NA,NA
"L7_1","J_1A_14","M","1A",75,"11/22/21","9/8/21","Liver",NA,"3/21/22","Liver_1","IG","RNA685",1,"L7","L7","L7_1",NA,NA,NA
"L7_2","J_1B_4","M","1B",161,"2/28/22","9/20/21","Fat","4/12/23","4/19/23","Fat_3","EC","RNA561",2,"L7","L7","L7_2",NA,NA,NA
"L8_2","P_1A_3","M","1A",152,"2/7/22","9/8/21","Eye",NA,NA,"Eye_1","MRW","638",2,"L8","L8","L8_2",NA,NA,NA
"L9_1","A17","M","2",78,"5/31/22","3/14/22","Kidney",NA,"3/4/23","Kidney_1","EC","R253",1,"L9","L9","L9_1",NA,NA,NA
"L9_2","J_1B_20","M","1B",77,"12/6/21","9/20/21","SpinalCord",NA,"3/10/23","SpinalCord_1","EC","RNA418",2,"L9","L9","L9_2",NA,NA,NA
"M1_1","P_1A_3","M","1A",152,"2/7/22","9/8/21","Gut",NA,"3/8/23","Gut_1","EC","RNA364",1,"M1","M1","M1_1",NA,NA,NA
"M1_2","P_1B_11","M","1B",147,"2/14/22","9/20/21","Bone","4/19/23","4/22/23","Bone_1","EC","RNA585",2,"M1","M1","M1_2",NA,NA,NA
"M10_1","P_1A_6","M","1A",133,"1/19/22","9/8/21","Kidney",NA,"3/4/23","Kidney_2","JC","R270",1,"M10","M10","M10_1",NA,NA,NA
"M10_2","J05","F","2",102,"6/24/22","3/14/22","SpinalCord",NA,"3/13/23","SpinalCord_2","JC","RNA435",2,"M10","M10","M10_2",NA,NA,NA
"M11_1","J_1B_12","M","1B",49,"11/8/21","9/20/21","Kidney",NA,"3/4/23","Kidney_2","EC","R286",1,"M11","M11","M11_1",NA,NA,NA
"M11_2","P_1A_1","F","1A",47,"10/25/21","9/8/21","SpinalCord",NA,"3/13/23","SpinalCord_2","EC","RNA451",2,"M11","M11","M11_2",NA,NA,NA
"M12_2","J_1B_13_and_J_1B_20","M","1B",77,"12/6/21","9/20/21","Eye",NA,NA,"Eye_1","MRW","647",2,"M12","M12","M12_2",NA,NA,NA
"M13_1","J_1A_17","M","1A",47,"10/25/21","9/8/21","Muscle",NA,"3/15/23","Muscle_1","EC","RNA474",1,"M13","M13","M13_1",NA,NA,NA
"M13_2","F05","M","2",102,"6/24/22","3/14/22","Heart",NA,"3/3/23","Heart_1","EC","R199",2,"M13","M13","M13_2",NA,NA,NA
"M14_1","F05","M","2",102,"6/24/22","3/14/22","Muscle",NA,"3/17/23","Muscle_2","EC","RNA490",1,"M14","M14","M14_1",NA,NA,NA
"M14_2","J_1B_6","F","1B",133,"1/31/22","9/20/21","Heart",NA,"3/3/23","Heart_1","JC","R215",2,"M14","M14","M14_2",NA,NA,NA
"M15_1","J_1B_4","M","1B",161,"2/28/22","9/20/21","Muscle",NA,"3/27/23","Muscle_3","EC","RNA506",1,"M15","M15","M15_1",NA,NA,NA
"M15_2","J_1B_4","M","1B",161,"2/28/22","9/20/21","Heart",NA,"3/3/23","Heart_2","EC","R231",2,"M15","M15","M15_2",NA,NA,NA
"M16_2",NA,"F",NA,103,"","","Eye",NA,NA,"Eye_1","MRW","655",2,"M16","M16","M16_2",NA,NA,NA
"M17_1","P_1A_4","M","1A",133,"1/19/22","9/8/21","Skin",NA,"2/8/23","Skin_1","IG","R89",1,"M17","M17","M17_1",NA,NA,NA
"M17_2","P_1A_10","M","1A",103,"12/20/21","9/8/21","Spleen",NA,"3/6/23","Spleen_1","EC","RNA309",2,"M17","M17","M17_2",NA,NA,NA
"M18_1","J9","F","2",155,"8/16/22","3/14/22","Skin",NA,"2/8/23","Skin_2","IG","R105",1,"M18","M18","M18_1",NA,NA,NA
"M18_2","D05","M","2",162,"8/23/22","3/14/22","Spleen",NA,"3/6/23","Spleen_1","JC","RNA325",2,"M18","M18","M18_2",NA,NA,NA
"M19_1","J_1B_13","M","1B",77,"12/6/21","9/20/21","Skin",NA,"2/8/23","Skin_2","EC","R121",1,"M19","M19","M19_1",NA,NA,NA
"M19_2","P_1A_1","F","1A",47,"10/25/21","9/8/21","Spleen",NA,"3/6/23","Spleen_2","EC","RNA341",2,"M19","M19","M19_2",NA,NA,NA
"M2_1","E02","F","2",78,"5/31/22","3/14/22","Gut",NA,"3/8/23","Gut_1","JC","RNA380",1,"M2","M2","M2_1",NA,NA,NA
"M2_2","D05","M","2",162,"8/23/22","3/14/22","Bone","4/26/23","4/22/23","Bone_2","EC","RNA602",2,"M2","M2","M2_2",NA,NA,NA
"M20_2","I06","F","2",78,"5/31/22","3/14/22","Eye",NA,NA,"Eye_1","MRW","663",2,"M20","M20","M20_2",NA,NA,NA
"M21_1","P_1B_9","F","1B",49,"11/8/21","9/20/21","Ovary",NA,"2/10/23","Ovary_1","IG","148",1,"M21","M21","M21_1",NA,NA,NA
"M21_2","P_1A_12","F","1A",75,"11/22/21","9/8/21","Brain",NA,"1/31/23","Brain_1","EC","R35",2,"M21","M21","M21_2",NA,NA,NA
"M22_1","A06","F","2",102,"6/24/22","3/14/22","Ovary",NA,"2/24/23","Ovary_2","EC","160",1,"M22","M22","M22_1",NA,NA,NA
"M22_2","E_01","M","2",52,"5/5/22","3/14/22","Brain",NA,"2/1/23","Brain_2","EC","R51",2,"M22","M22","M22_2",NA,NA,NA
"M23_1","J_1B_2","M","1B",49,"11/8/21","9/20/21","Testis",NA,"2/24/23","Testis_2","JC","176",1,"M23","M23","M23_1",NA,NA,NA
"M23_2","P_1B_10","M","1B",133,"1/31/22","9/20/21","Brain",NA,"2/1/23","Brain_2","IG","R67",2,"M23","M23","M23_2",NA,NA,NA
"M3_1","P_1B_10","M","1B",133,"1/31/22","9/20/21","Gut",NA,"3/9/23","Gut_2","EC","RNA396",1,"M3","M3","M3_1",NA,NA,NA
"M3_2","P_1A_12","F","1A",75,"11/22/21","9/8/21","Bone","4/28/23","4/29/23","Bone_3","EC","RNA618",2,"M3","M3","M3_2",NA,NA,NA
"M4_2","P_1B_1_and_P_1B_3","F","1B",77,"12/6/21","9/20/21","Eye",NA,NA,"Eye_1","MRW","631",2,"M4","M4","M4_2",NA,NA,NA
"M5_1","J9","F","2",155,"8/16/22","3/14/22","Liver",NA,"1/30/23","Liver_2","IG","R13",1,"M5","M5","M5_1",NA,NA,NA
"M5_2","P_1B_3","F","1B",77,"12/6/21","9/20/21","Fat","4/12/23","4/16/23","Fat_1","EC","RNA529",2,"M5","M5","M5_2",NA,NA,NA
"M6_1","P_1B_1","F","1B",77,"12/6/21","9/20/21","Liver",NA,"3/21/22","Liver_1","EC","RNA670",1,"M6","M6","M6_1",NA,NA,NA
"M6_2","E02","F","2",78,"5/31/22","3/14/22","Fat","4/12/23","4/17/23","Fat_2","EC","RNA545",2,"M6","M6","M6_2",NA,NA,NA
"M7_1","P_1B_3","F","1B",77,"12/6/21","9/20/21","Liver",NA,"3/21/22","Liver_1","IG","RNA686",1,"M7","M7","M7_1",NA,NA,NA
"M7_2","P_1A_8","F","1A",75,"11/22/21","9/8/21","Fat","4/12/23","4/19/23","Fat_3","EC","RNA562",2,"M7","M7","M7_2",NA,NA,NA
"M8_2","J_1B_12_and_J_1B_2","M","1B",49,"11/8/21","9/20/21","Eye",NA,NA,"Eye_1","MRW","639",2,"M8","M8","M8_2",NA,NA,NA
"M9_1","C1","F","2",155,"8/16/22","3/14/22","Kidney",NA,"3/4/23","Kidney_1","EC","R254",1,"M9","M9","M9_1",NA,NA,NA
"M9_2","P_1A_2","F","1A",103,"12/20/21","9/8/21","SpinalCord",NA,"3/10/23","SpinalCord_1","EC","RNA419",2,"M9","M9","M9_2",NA,NA,NA
"N1_1","P_1B_1","F","1B",77,"12/6/21","9/20/21","Gut",NA,"3/8/23","Gut_1","EC","RNA365",1,"N1","N1","N1_1",NA,NA,NA
"N1_2","P_1B_3","F","1B",77,"12/6/21","9/20/21","Bone","4/19/23","4/22/23","Bone_1","EC","RNA587",2,"N1","N1","N1_2",NA,NA,NA
"N10_1","J_1A_1","M","1A",152,"2/7/22","9/8/21","Kidney",NA,"3/4/23","Kidney_2","JC","R271",1,"N10","N10","N10_1",NA,NA,NA
"N10_2","C04","F","2",134,"7/26/22","3/14/22","SpinalCord",NA,"3/13/23","SpinalCord_2","JC","RNA436",2,"N10","N10","N10_2",NA,NA,NA
"N11_1","P_1A_1","F","1A",47,"10/25/21","9/8/21","Kidney",NA,"3/4/23","Kidney_2","EC","R287",1,"N11","N11","N11_1",NA,NA,NA
"N11_2","P_1A_10","M","1A",103,"12/20/21","9/8/21","SpinalCord",NA,"3/13/23","SpinalCord_2","EC","RNA452",2,"N11","N11","N11_2",NA,NA,NA
"N12_2","P_1B_9_and_J_1B_5","F","1B",49,"11/8/21","9/20/21","Eye",NA,NA,"Eye_1","MRW","648",2,"N12","N12","N12_2",NA,NA,NA
"N13_1","J_1A_25","M","1A",103,"12/20/21","9/8/21","Muscle",NA,"3/15/23","Muscle_1","EC","RNA475",1,"N13","N13","N13_1",NA,NA,NA
"N13_2","A17","M","2",78,"5/31/22","3/14/22","Heart",NA,"3/3/23","Heart_1","EC","R200",2,"N13","N13","N13_2",NA,NA,NA
"N14_1","I03","M","2",162,"8/23/22","3/14/22","Muscle",NA,"3/17/23","Muscle_2","EC","RNA491",1,"N14","N14","N14_1",NA,NA,NA
"N14_2","J_1B_11","M","1B",161,"2/28/22","9/20/21","Heart",NA,"3/3/23","Heart_1","JC","R216",2,"N14","N14","N14_2",NA,NA,NA
"N15_1","P_1B_1","F","1B",77,"12/6/21","9/20/21","Muscle",NA,"3/27/23","Muscle_3","EC","RNA507",1,"N15","N15","N15_1",NA,NA,NA
"N15_2","P_1B_8","M","1B",147,"2/14/22","9/20/21","Heart",NA,"3/3/23","Heart_2","EC","R232",2,"N15","N15","N15_2",NA,NA,NA
"N16_2","P_1A_4","M","1A",133,"1/19/22","9/8/21","Eye",NA,NA,"Eye_1","MRW","656",2,"N16","N16","N16_2",NA,NA,NA
"N17_1","P_1A_8","F","1A",75,"11/22/21","9/8/21","Skin",NA,"2/8/23","Skin_1","IG","R90",1,"N17","N17","N17_1",NA,NA,NA
"N17_2","J_1B_11","M","1B",161,"2/28/22","9/20/21","Spleen",NA,"3/6/23","Spleen_1","EC","RNA310",2,"N17","N17","N17_2",NA,NA,NA
"N18_1","E04","M","2",102,"6/24/22","3/14/22","Skin",NA,"2/8/23","Skin_2","IG","R106",1,"N18","N18","N18_1",NA,NA,NA
"N18_2","D_14","F","2",52,"5/5/22","3/14/22","Spleen",NA,"3/6/23","Spleen_1","JC","RNA326",2,"N18","N18","N18_2",NA,NA,NA
"N19_1","P_1B_1","F","1B",77,"12/6/21","9/20/21","Skin",NA,"2/8/23","Skin_2","EC","R122",1,"N19","N19","N19_1",NA,NA,NA
"N19_2","J_1A_1","M","1A",152,"2/7/22","9/8/21","Spleen",NA,"3/6/23","Spleen_2","EC","RNA342",2,"N19","N19","N19_2",NA,NA,NA
"N2_1","F05","M","2",102,"6/24/22","3/14/22","Gut",NA,"3/8/23","Gut_1","JC","RNA381",1,"N2","N2","N2_1",NA,NA,NA
"N2_2","D_06","F","2",52,"5/5/22","3/14/22","Bone","4/26/23","4/22/23","Bone_2","EC","RNA603",2,"N2","N2","N2_2",NA,NA,NA
"N21_1","J_1B_20","M","1B",77,"12/6/21","9/20/21","Testis",NA,"2/10/23","Testis_1","IG","149",1,"N21","N21","N21_1",NA,NA,NA
"N21_2","J_1A_22","M","1A",47,"10/25/21","9/8/21","Brain",NA,"1/31/23","Brain_1","EC","R36",2,"N21","N21","N21_2",NA,NA,NA
"N22_1","C04","F","2",134,"7/26/22","3/14/22","Ovary",NA,"2/24/23","Ovary_2","EC","161",1,"N22","N22","N22_1",NA,NA,NA
"N22_2","D_06","F","2",52,"5/5/22","3/14/22","Brain",NA,"2/1/23","Brain_2","EC","R52",2,"N22","N22","N22_2",NA,NA,NA
"N23_1","J_1B_12","M","1B",49,"11/8/21","9/20/21","Testis",NA,"2/24/23","Testis_2","JC","177",1,"N23","N23","N23_1",NA,NA,NA
"N23_2","J_1B_13","M","1B",77,"12/6/21","9/20/21","Brain",NA,"2/1/23","Brain_2","IG","R68",2,"N23","N23","N23_2",NA,NA,NA
"N3_1","J_1A_24","F","1A",47,"10/25/21","9/8/21","Gut",NA,"3/9/23","Gut_2","EC","RNA397",1,"N3","N3","N3_1",NA,NA,NA
"N3_2","J_1A_17","M","1A",47,"10/25/21","9/8/21","Bone","4/28/23","4/29/23","Bone_3","EC","RNA619",2,"N3","N3","N3_2",NA,NA,NA
"N4_2","P_1A_1_and_J_1A_24","F","1A",47,"10/25/21","9/8/21","Eye",NA,NA,"Eye_1","MRW","632",2,"N4","N4","N4_2",NA,NA,NA
"N5_1","A06","F","2",102,"6/24/22","3/14/22","Liver",NA,"1/30/23","Liver_2","IG","R14",1,"N5","N5","N5_1",NA,NA,NA
"N5_2","J_1B_11","M","1B",161,"2/28/22","9/20/21","Fat","4/12/23","4/16/23","Fat_1","EC","RNA530",2,"N5","N5","N5_2",NA,NA,NA
"N6_1","J_1B_13","M","1B",77,"12/6/21","9/20/21","Liver",NA,"3/21/22","Liver_1","EC","RNA671",1,"N6","N6","N6_1",NA,NA,NA
"N6_2","F05","M","2",102,"6/24/22","3/14/22","Fat","4/12/23","4/17/23","Fat_2","EC","RNA546",2,"N6","N6","N6_2",NA,NA,NA
"N7_1","J_1B_20","M","1B",77,"12/6/21","9/20/21","Liver",NA,"3/21/22","Liver_1","IG","RNA687",1,"N7","N7","N7_1",NA,NA,NA
"N7_2","P_1A_2","F","1A",103,"12/20/21","9/8/21","Fat","4/12/23","4/19/23","Fat_3","EC","RNA563",2,"N7","N7","N7_2",NA,NA,NA
"N8_2","J_1B_4","M","1B",161,"2/28/22","9/20/21","Eye",NA,NA,"Eye_1","MRW","640",2,"N8","N8","N8_2",NA,NA,NA
"N9_1","J04","M","2",162,"8/23/22","3/14/22","Kidney",NA,"3/4/23","Kidney_1","EC","R255",1,"N9","N9","N9_1",NA,NA,NA
"N9_2","J_1B_12","M","1B",49,"11/8/21","9/20/21","SpinalCord",NA,"3/10/23","SpinalCord_1","EC","RNA420",2,"N9","N9","N9_2",NA,NA,NA
"O1_1","J_1A_17","M","1A",47,"10/25/21","9/8/21","Gut",NA,"3/8/23","Gut_1","EC","RNA366",1,"O1","O1","O1_1",NA,NA,NA
"O1_2","P_1B_1","F","1B",77,"12/6/21","9/20/21","Bone","4/19/23","4/22/23","Bone_1","EC","RNA588",2,"O1","O1","O1_2",NA,NA,NA
"O10_1","J_1B_13","M","1B",77,"12/6/21","9/20/21","Kidney",NA,"3/4/23","Kidney_2","JC","R272",1,"O10","O10","O10_1",NA,NA,NA
"O10_2","C1","F","2",155,"8/16/22","3/14/22","SpinalCord",NA,"3/13/23","SpinalCord_2","JC","RNA437",2,"O10","O10","O10_2",NA,NA,NA
"O11_1","J_1B_11","M","1B",161,"2/28/22","9/20/21","Kidney",NA,"3/4/23","Kidney_2","EC","R288",1,"O11","O11","O11_1",NA,NA,NA
"O11_2","J_1A_13","M","1A",75,"11/22/21","9/8/21","SpinalCord",NA,"3/13/23","SpinalCord_2","EC","RNA453",2,"O11","O11","O11_2",NA,NA,NA
"O12_2",NA,"F",NA,103,"","","Eye",NA,NA,"Eye_1","MRW","649",2,"O12","O12","O12_2",NA,NA,NA
"O13_1","J_1A_13","M","1A",75,"11/22/21","9/8/21","Muscle",NA,"3/15/23","Muscle_1","EC","RNA476",1,"O13","O13","O13_1",NA,NA,NA
"O13_2","E_01","M","2",52,"5/5/22","3/14/22","Heart",NA,"3/3/23","Heart_1","EC","R201",2,"O13","O13","O13_2",NA,NA,NA
"O14_1","J04","M","2",162,"8/23/22","3/14/22","Muscle",NA,"3/17/23","Muscle_2","EC","RNA492",1,"O14","O14","O14_1",NA,NA,NA
"O14_2","P_1A_4","M","1A",133,"1/19/22","9/8/21","Heart",NA,"3/3/23","Heart_1","JC","R217",2,"O14","O14","O14_2",NA,NA,NA
"O15_1","P_1B_2","M","1B",133,"1/31/22","9/20/21","Muscle",NA,"3/27/23","Muscle_3","EC","RNA508",1,"O15","O15","O15_1",NA,NA,NA
"O15_2","P_1A_6","M","1A",133,"1/19/22","9/8/21","Heart",NA,"3/3/23","Heart_2","EC","R233",2,"O15","O15","O15_2",NA,NA,NA
"O16_2","P_1B_8","M","1B",147,"2/14/22","9/20/21","Eye",NA,NA,"Eye_1","MRW","657",2,"O16","O16","O16_2",NA,NA,NA
"O17_1","J_1A_24","F","1A",47,"10/25/21","9/8/21","Skin",NA,"2/8/23","Skin_1","IG","R91",1,"O17","O17","O17_1",NA,NA,NA
"O17_2","P_1B_2","M","1B",133,"1/31/22","9/20/21","Spleen",NA,"3/6/23","Spleen_1","EC","RNA311",2,"O17","O17","O17_2",NA,NA,NA
"O18_1","F05","M","2",102,"6/24/22","3/14/22","Skin",NA,"2/8/23","Skin_2","IG","R107",1,"O18","O18","O18_1",NA,NA,NA
"O18_2","H_02","M","2",52,"5/5/22","3/14/22","Spleen",NA,"3/6/23","Spleen_1","JC","RNA327",2,"O18","O18","O18_2",NA,NA,NA
"O19_1","J_1A_1","M","1A",152,"2/7/22","9/8/21","Skin",NA,"2/8/23","Skin_2","EC","R123",1,"O19","O19","O19_1",NA,NA,NA
"O19_2","J_1A_25","M","1A",103,"12/20/21","9/8/21","Spleen",NA,"3/6/23","Spleen_2","EC","RNA343",2,"O19","O19","O19_2",NA,NA,NA
"O2_1","J05","F","2",102,"6/24/22","3/14/22","Gut",NA,"3/8/23","Gut_1","JC","RNA382",1,"O2","O2","O2_1",NA,NA,NA
"O2_2","C1","F","2",155,"8/16/22","3/14/22","Bone","4/26/23","4/22/23","Bone_2","EC","RNA604",2,"O2","O2","O2_2",NA,NA,NA
"O21_1","J_1A_14","M","1A",75,"11/22/21","9/8/21","Testis",NA,"2/10/23","Testis_1","IG","150",1,"O21","O21","O21_1",NA,NA,NA
"O21_2","P_1B_11","M","1B",147,"2/14/22","9/20/21","Brain",NA,"1/31/23","Brain_1","EC","R37",2,"O21","O21","O21_2",NA,NA,NA
"O22_1","D_14","F","2",52,"5/5/22","3/14/22","Ovary",NA,"2/24/23","Ovary_2","EC","162",1,"O22","O22","O22_1",NA,NA,NA
"O22_2","I05","F","2",134,"7/26/22","3/14/22","Brain",NA,"2/1/23","Brain_2","EC","R53",2,"O22","O22","O22_2",NA,NA,NA
"O23_1","J_1A_22","M","1A",47,"10/25/21","9/8/21","Testis",NA,"2/24/23","Testis_2","JC","178",1,"O23","O23","O23_1",NA,NA,NA
"O23_2","J_1B_4","M","1B",161,"2/28/22","9/20/21","Brain",NA,"2/1/23","Brain_2","IG","R69",2,"O23","O23","O23_2",NA,NA,NA
"O3_1","P_1A_12","F","1A",75,"11/22/21","9/8/21","Gut",NA,"3/9/23","Gut_2","EC","RNA398",1,"O3","O3","O3_1",NA,NA,NA
"O3_2","J_1B_18","F","1B",133,"1/31/22","9/20/21","Bone","4/28/23","4/29/23","Bone_3","EC","RNA620",2,"O3","O3","O3_2",NA,NA,NA
"O4_2","P_1A_10","M","1A",103,"12/20/21","9/8/21","Eye",NA,NA,"Eye_1","MRW","633",2,"O4","O4","O4_2",NA,NA,NA
"O5_1","E_01","M","2",52,"5/5/22","3/14/22","Liver",NA,"1/30/23","Liver_2","IG","R15",1,"O5","O5","O5_1",NA,NA,NA
"O5_2","P_1B_10","M","1B",133,"1/31/22","9/20/21","Fat","4/12/23","4/16/23","Fat_1","EC","RNA531",2,"O5","O5","O5_2",NA,NA,NA
"O6_1","P_1A_10","M","1A",103,"12/20/21","9/8/21","Liver",NA,"3/21/22","Liver_1","EC","RNA672",1,"O6","O6","O6_1",NA,NA,NA
"O6_2","D_06","F","2",52,"5/5/22","3/14/22","Fat","4/12/23","4/17/23","Fat_2","EC","RNA547",2,"O6","O6","O6_2",NA,NA,NA
"O7_1","P_1A_2","F","1A",103,"12/20/21","9/8/21","Liver",NA,"3/21/22","Liver_1","IG","RNA688",1,"O7","O7","O7_1",NA,NA,NA
"O7_2","J_1B_2","M","1B",49,"11/8/21","9/20/21","Fat","4/12/23","4/19/23","Fat_3","EC","RNA564",2,"O7","O7","O7_2",NA,NA,NA
"O8_2","J_1B_7","F","1B",147,"2/14/22","9/20/21","Eye",NA,NA,"Eye_1","MRW","641",2,"O8","O8","O8_2",NA,NA,NA
"O9_1","F05","M","2",102,"6/24/22","3/14/22","Kidney",NA,"3/4/23","Kidney_1","JC","R256",1,"O9","O9","O9_1",NA,NA,NA
"O9_2","J_1B_7","F","1B",147,"2/14/22","9/20/21","SpinalCord",NA,"3/10/23","SpinalCord_1","EC","RNA421",2,"O9","O9","O9_2",NA,NA,NA
"P1_1","P_1B_8","M","1B",147,"2/14/22","9/20/21","Gut",NA,"3/8/23","Gut_1","EC","RNA367",1,"P1","P1","P1_1",NA,NA,NA
"P10_1","P_1A_12","F","1A",75,"11/22/21","9/8/21","Kidney",NA,"3/4/23","Kidney_2","JC","R273",1,"P10","P10","P10_1",NA,NA,NA
"P10_2","A01","M","2",78,"5/31/22","3/14/22","SpinalCord",NA,"3/13/23","SpinalCord_2","JC","RNA438",2,"P10","P10","P10_2",NA,NA,NA
"P11_1","P_1B_3","F","1B",77,"12/6/21","9/20/21","Kidney",NA,"3/4/23","Kidney_2","EC","R289",1,"P11","P11","P11_1",NA,NA,NA
"P11_2","J_1B_5","F","1B",49,"11/8/21","9/20/21","SpinalCord",NA,"3/13/23","SpinalCord_2","EC","RNA454",2,"P11","P11","P11_2",NA,NA,NA
"P12_2","E04","M","2",102,"6/24/22","3/14/22","Eye",NA,NA,"Eye_1","MRW","650",2,"P12","P12","P12_2",NA,NA,NA
"P13_1","J_1A_24","F","1A",47,"10/25/21","9/8/21","Muscle",NA,"3/15/23","Muscle_1","EC","RNA477",1,"P13","P13","P13_1",NA,NA,NA
"P13_2","P_1B_2","M","1B",133,"1/31/22","9/20/21","Heart",NA,"3/3/23","Heart_1","JC","R202",2,"P13","P13","P13_2",NA,NA,NA
"P14_1","D05","M","2",162,"8/23/22","3/14/22","Muscle",NA,"3/17/23","Muscle_2","EC","RNA493",1,"P14","P14","P14_1",NA,NA,NA
"P14_2","J_1B_20","M","1B",77,"12/6/21","9/20/21","Heart",NA,"3/3/23","Heart_1","JC","R218",2,"P14","P14","P14_2",NA,NA,NA
"P15_1","P_1A_12","F","1A",75,"11/22/21","9/8/21","Muscle",NA,"3/27/23","Muscle_3","EC","RNA509",1,"P15","P15","P15_1",NA,NA,NA
"P15_2","J_1B_13","M","1B",77,"12/6/21","9/20/21","Heart",NA,"3/3/23","Heart_2","EC","R234",2,"P15","P15","P15_2",NA,NA,NA
"P16_2","A17","M","2",78,"5/31/22","3/14/22","Eye",NA,NA,"Eye_1","MRW","658",2,"P16","P16","P16_2",NA,NA,NA
"P17_1","J_1A_13","M","1A",75,"11/22/21","9/8/21","Skin",NA,"2/8/23","Skin_1","IG","R92",1,"P17","P17","P17_1",NA,NA,NA
"P17_2","J_1B_6","F","1B",133,"1/31/22","9/20/21","Spleen",NA,"3/6/23","Spleen_1","EC","RNA312",2,"P17","P17","P17_2",NA,NA,NA
"P18_1","D_06","F","2",52,"5/5/22","3/14/22","Skin",NA,"2/8/23","Skin_2","IG","R108",1,"P18","P18","P18_1",NA,NA,NA
"P18_2","I05","F","2",134,"7/26/22","3/14/22","Spleen",NA,"3/6/23","Spleen_1","JC","RNA328",2,"P18","P18","P18_2",NA,NA,NA
"P19_1","P_1B_10","M","1B",133,"1/31/22","9/20/21","Skin",NA,"2/8/23","Skin_2","EC","R124",1,"P19","P19","P19_1",NA,NA,NA
"P19_2","P_1B_3","F","1B",77,"12/6/21","9/20/21","Spleen",NA,"3/6/23","Spleen_2","EC","RNA344",2,"P19","P19","P19_2",NA,NA,NA
"P2_1","E04","M","2",102,"6/24/22","3/14/22","Gut",NA,"3/8/23","Gut_1","JC","RNA383",1,"P2","P2","P2_1",NA,NA,NA
"P2_2","A06","F","2",102,"6/24/22","3/14/22","Bone","4/26/23","4/22/23","Bone_2","EC","RNA605",2,"P2","P2","P2_2",NA,NA,NA
"P21_1","P_1A_3","M","1A",152,"2/7/22","9/8/21","Testis",NA,"2/10/23","Testis_1","IG","151",1,"P21","P21","P21_1",NA,NA,NA
"P21_2","P_1A_3","M","1A",152,"2/7/22","9/8/21","Brain",NA,"1/31/23","Brain_1","EC","R38",2,"P21","P21","P21_2",NA,NA,NA
"P22_1","J05","F","2",102,"6/24/22","3/14/22","Ovary",NA,"2/24/23","Ovary_2","EC","163",1,"P22","P22","P22_1",NA,NA,NA
"P22_2","H_02","M","2",52,"5/5/22","3/14/22","Brain",NA,"2/1/23","Brain_2","EC","R54",2,"P22","P22","P22_2",NA,NA,NA
"P23_1","J_1B_4","M","1B",161,"2/28/22","9/20/21","Testis",NA,"2/24/23","Testis_2","JC","179",1,"P23","P23","P23_1",NA,NA,NA
"P23_2","J_1B_6","F","1B",133,"1/31/22","9/20/21","Brain",NA,"2/1/23","Brain_2","IG","R70",2,"P23","P23","P23_2",NA,NA,NA
"P3_1","J_1B_5","F","1B",49,"11/8/21","9/20/21","Gut",NA,"3/9/23","Gut_2","EC","RNA399",1,"P3","P3","P3_1",NA,NA,NA
"P3_2","J_1A_24","F","1A",47,"10/25/21","9/8/21","Bone","4/28/23","4/29/23","Bone_3","EC","RNA621",2,"P3","P3","P3_2",NA,NA,NA
"P4_2","I03","M","2",162,"8/23/22","3/14/22","Eye",NA,NA,"Eye_1","MRW","634",2,"P4","P4","P4_2",NA,NA,NA
"P5_1","C03","M","2",162,"8/23/22","3/14/22","Liver",NA,"1/30/23","Liver_2","IG","R16",1,"P5","P5","P5_1",NA,NA,NA
"P5_2","J_1A_1","M","1A",152,"2/7/22","9/8/21","Fat","4/12/23","4/16/23","Fat_1","EC","RNA532",2,"P5","P5","P5_2",NA,NA,NA
"P6_1","P_1A_4","M","1A",133,"1/19/22","9/8/21","Liver",NA,"3/21/22","Liver_1","EC","RNA673",1,"P6","P6","P6_1",NA,NA,NA
"P6_2","J04","M","2",162,"8/23/22","3/14/22","Fat","4/12/23","4/17/23","Fat_2","EC","RNA548",2,"P6","P6","P6_2",NA,NA,NA
"P7_1","J_1A_25","M","1A",103,"12/20/21","9/8/21","Liver",NA,"3/21/22","Liver_1","IG","RNA689",1,"P7","P7","P7_1",NA,NA,NA
"P7_2","P_1B_1","F","1B",77,"12/6/21","9/20/21","Fat","4/13/23","4/19/23","Fat_3","EC","RNA566",2,"P7","P7","P7_2",NA,NA,NA
"P8_2","J_1A_25","M","1A",103,"12/20/21","9/8/21","Eye",NA,NA,"Eye_1","MRW","642",2,"P8","P8","P8_2",NA,NA,NA
"P9_1","J_1B_2","M","1B",49,"11/8/21","9/20/21","Kidney",NA,"3/4/23","Kidney_1","JC","R257",1,"P9","P9","P9_1",NA,NA,NA
"P9_2","P_1B_9","F","1B",49,"11/8/21","9/20/21","SpinalCord",NA,"3/10/23","SpinalCord_1","EC","RNA422",2,"P9","P9","P9_2",NA,NA,NA
